{"stats":{"minecraft:custom":{"minecraft:time_since_rest":6408,"minecraft:crouch_one_cm":354,"minecraft:play_time":6408,"minecraft:sprint_one_cm":26562,"minecraft:damage_taken":150,"minecraft:walk_one_cm":4166,"minecraft:sneak_time":82,"minecraft:mob_kills":1,"minecraft:jump":356,"minecraft:damage_dealt":100,"minecraft:leave_game":1,"minecraft:time_since_death":6408,"minecraft:total_world_time":6408,"minecraft:fall_one_cm":11998,"minecraft:interact_with_crafting_table":1,"minecraft:fly_one_cm":78994},"minecraft:killed":{"minecraft:cow":1},"minecraft:crafted":{"minecraft:oak_planks":40,"minecraft:crafting_table":1,"minecraft:stick":4,"minecraft:wooden_axe":1},"minecraft:mined":{"minecraft:short_grass":1,"minecraft:oak_log":5,"minecraft:oak_leaves":1,"minecraft:crafting_table":1},"minecraft:picked_up":{"minecraft:stick":9,"minecraft:crafting_table":1,"minecraft:apple":1,"minecraft:beef":2,"minecraft:cherry_sapling":10,"minecraft:oak_log":10,"minecraft:cherry_log":19,"minecraft:oak_sapling":6},"minecraft:used":{"minecraft:wooden_axe":2,"minecraft:apple":1,"minecraft:beef":2,"minecraft:crafting_table":1,"minecraft:oak_planks":1}},"DataVersion":4082}