{"stats":{"minecraft:custom":{"minecraft:mob_kills":79,"minecraft:animals_bred":1,"minecraft:interact_with_crafting_table":32,"minecraft:open_barrel":4,"minecraft:bell_ring":11,"minecraft:leave_game":2,"minecraft:time_since_death":72427,"minecraft:sprint_one_cm":370266,"minecraft:walk_one_cm":325062,"minecraft:drop":29,"minecraft:talked_to_villager":54,"minecraft:play_time":178947,"minecraft:deaths":6,"minecraft:sneak_time":9618,"minecraft:walk_under_water_one_cm":1072,"minecraft:boat_one_cm":34099,"minecraft:jump":3286,"minecraft:walk_on_water_one_cm":4629,"minecraft:total_world_time":178947,"minecraft:interact_with_furnace":9,"minecraft:traded_with_villager":16,"minecraft:sleep_in_bed":5,"minecraft:time_since_rest":44805,"minecraft:damage_taken":3846,"minecraft:damage_dealt":10255,"minecraft:swim_one_cm":8758,"minecraft:fly_one_cm":650621,"minecraft:open_chest":87,"minecraft:crouch_one_cm":33175,"minecraft:interact_with_smoker":13,"minecraft:fall_one_cm":83605,"minecraft:inspect_dispenser":4},"minecraft:used":{"minecraft:oak_trapdoor":3,"minecraft:tuff_bricks":9,"minecraft:iron_shovel":536,"minecraft:chest":5,"minecraft:torch":7,"minecraft:dirt":349,"minecraft:mutton":4,"minecraft:tuff":2,"minecraft:wooden_axe":129,"minecraft:lava_bucket":10,"minecraft:oak_stairs":1,"minecraft:iron_axe":175,"minecraft:light_gray_wool":2,"minecraft:furnace":1,"minecraft:egg":1,"minecraft:cobbled_deepslate":49,"minecraft:cherry_log":2,"minecraft:wheat_seeds":2,"minecraft:cooked_mutton":24,"minecraft:water_bucket":18,"minecraft:stone_pickaxe":71,"minecraft:oak_planks":5,"minecraft:wooden_pickaxe":20,"minecraft:cherry_planks":4,"minecraft:composter":2,"minecraft:sugar_cane":17,"minecraft:crafting_table":7,"minecraft:lingering_potion":1,"minecraft:shears":14,"minecraft:smoker":1,"minecraft:wooden_hoe":30,"minecraft:black_wool":3,"minecraft:bread":7,"minecraft:iron_pickaxe":237,"minecraft:lectern":50,"minecraft:stone_axe":47,"minecraft:cobblestone":2,"minecraft:cooked_porkchop":2,"minecraft:porkchop":13,"minecraft:bucket":29,"minecraft:yellow_bed":1,"minecraft:oak_boat":5},"minecraft:picked_up":{"minecraft:wooden_axe":1,"minecraft:lingering_potion":6,"minecraft:crafting_table":5,"minecraft:wheat":9,"minecraft:chicken":9,"minecraft:yellow_wool":19,"minecraft:oak_stairs":184,"minecraft:cornflower":28,"minecraft:string":20,"minecraft:oak_trapdoor":3,"minecraft:iron_shovel":3,"minecraft:cobbled_deepslate":185,"minecraft:bucket":1,"minecraft:music_disc_otherside":2,"minecraft:beef":33,"minecraft:oak_boat":5,"minecraft:poppy":4,"minecraft:light_gray_wool":6,"minecraft:iron_pickaxe":2,"minecraft:lectern":50,"minecraft:sugar_cane":42,"minecraft:chest":1,"minecraft:egg":1,"minecraft:furnace":1,"minecraft:stick":10,"minecraft:raw_iron":37,"minecraft:oak_door":6,"minecraft:composter":4,"minecraft:oak_fence":20,"minecraft:torch":21,"minecraft:porkchop":19,"minecraft:cherry_log":19,"minecraft:stone_button":1,"minecraft:pointed_dripstone":7,"minecraft:carrot":1,"minecraft:redstone":4,"minecraft:stone_sword":1,"minecraft:arrow":19,"minecraft:rotten_flesh":41,"minecraft:shears":1,"minecraft:hay_block":40,"minecraft:tuff_bricks":41,"minecraft:mutton":40,"minecraft:rail":40,"minecraft:cobblestone":128,"minecraft:white_wool":54,"minecraft:oxeye_daisy":1,"minecraft:pink_petals":6,"minecraft:feather":10,"minecraft:cherry_planks":2,"minecraft:leather":15,"minecraft:smoker":1,"minecraft:potato":13,"minecraft:waxed_copper_bulb":2,"minecraft:tuff":2,"minecraft:oak_log":148,"minecraft:waxed_copper_block":1,"minecraft:yellow_bed":5,"minecraft:cobblestone_stairs":3,"minecraft:gunpowder":4,"minecraft:wooden_hoe":1,"minecraft:dirt":916,"minecraft:cooked_mutton":33,"minecraft:bone":16,"minecraft:stonecutter":1,"minecraft:wheat_seeds":15,"minecraft:bell":3,"minecraft:oak_fence_gate":2,"minecraft:stone_pickaxe":1,"minecraft:iron_ingot":18,"minecraft:oak_planks":97,"minecraft:oak_slab":14,"minecraft:pumpkin":4,"minecraft:dandelion":6,"minecraft:lava_bucket":2,"minecraft:dripstone_block":5,"minecraft:gravel":4,"minecraft:white_bed":7,"minecraft:loom":4,"minecraft:spider_eye":1,"minecraft:leather_helmet":1,"minecraft:polished_tuff":6,"minecraft:barrel":1,"minecraft:mossy_cobblestone":13,"minecraft:dispenser":6,"minecraft:stone_axe":1,"minecraft:cherry_sapling":6,"minecraft:gray_wool":2,"minecraft:bread":45,"minecraft:oak_button":3,"minecraft:coal":67,"minecraft:black_wool":4,"minecraft:chiseled_tuff_bricks":2,"minecraft:hopper":4,"minecraft:ender_pearl":1},"minecraft:killed":{"minecraft:witch":1,"minecraft:spider":3,"minecraft:skeleton":2,"minecraft:chicken":9,"minecraft:husk":1,"minecraft:pig":9,"minecraft:iron_golem":2,"minecraft:sheep":26,"minecraft:zombie":10,"minecraft:cow":15},"minecraft:dropped":{"minecraft:wheat_seeds":1,"minecraft:cobblestone":27,"minecraft:rail":10,"minecraft:oxeye_daisy":1,"minecraft:dispenser":2,"minecraft:iron_shovel":2,"minecraft:white_wool":1,"minecraft:bone":7,"minecraft:yellow_wool":1,"minecraft:wheat":2,"minecraft:cooked_mutton":10,"minecraft:gunpowder":2,"minecraft:lingering_potion":10,"minecraft:hopper":1,"minecraft:barrel":1,"minecraft:beef":12},"minecraft:mined":{"minecraft:tuff":2,"minecraft:white_bed":1,"minecraft:mossy_cobblestone":7,"minecraft:oak_door":3,"minecraft:cobblestone_stairs":3,"minecraft:cherry_log":19,"minecraft:stone_button":1,"minecraft:grass_block":288,"minecraft:chiseled_tuff_bricks":1,"minecraft:composter":2,"minecraft:hopper":2,"minecraft:tuff_bricks":29,"minecraft:hay_block":40,"minecraft:oak_trapdoor":3,"minecraft:furnace":1,"minecraft:cobbled_deepslate":2,"minecraft:iron_ore":10,"minecraft:barrel":1,"minecraft:polished_tuff":4,"minecraft:bell":1,"minecraft:pointed_dripstone":7,"minecraft:deepslate_iron_ore":8,"minecraft:dirt_path":65,"minecraft:rail":10,"minecraft:oak_stairs":8,"minecraft:stone":23,"minecraft:white_wool":7,"minecraft:oak_slab":10,"minecraft:glass_pane":3,"minecraft:cherry_planks":2,"minecraft:smoker":1,"minecraft:dandelion":3,"minecraft:oak_fence":6,"minecraft:crafting_table":6,"minecraft:cornflower":15,"minecraft:torch":1,"minecraft:short_grass":35,"minecraft:chest":1,"minecraft:lectern":50,"minecraft:tall_grass":5,"minecraft:cobblestone":46,"minecraft:sugar_cane":12,"minecraft:oak_planks":23,"minecraft:wall_torch":2,"minecraft:pink_petals":1,"minecraft:waxed_copper_bulb":2,"minecraft:yellow_wool":7,"minecraft:wheat":2,"minecraft:light_gray_wool":2,"minecraft:waxed_copper_block":1,"minecraft:black_wool":3,"minecraft:oak_log":79,"minecraft:coal_ore":35,"minecraft:oak_fence_gate":2,"minecraft:loom":2,"minecraft:gravel":2,"minecraft:dripstone_block":5,"minecraft:dirt":230,"minecraft:dispenser":4,"minecraft:oak_leaves":20,"minecraft:deepslate":105},"minecraft:crafted":{"minecraft:cherry_planks":20,"minecraft:oak_planks":76,"minecraft:furnace":2,"minecraft:bookshelf":1,"minecraft:cooked_mutton":24,"minecraft:oak_trapdoor":2,"minecraft:iron_axe":1,"minecraft:stone_pickaxe":1,"minecraft:chest":4,"minecraft:wheat":360,"minecraft:smoker":1,"minecraft:oak_slab":6,"minecraft:emerald":16,"minecraft:cooked_porkchop":6,"minecraft:crafting_table":3,"minecraft:wooden_pickaxe":1,"minecraft:bucket":1,"minecraft:stone_axe":1,"minecraft:bread":13,"minecraft:air":0,"minecraft:oak_boat":1,"minecraft:lectern":1,"minecraft:book":4,"minecraft:wooden_hoe":1,"minecraft:paper":12,"minecraft:stick":36,"minecraft:iron_ingot":17,"minecraft:iron_pickaxe":1,"minecraft:wooden_axe":4,"minecraft:iron_shovel":4,"minecraft:torch":8,"minecraft:shears":1},"minecraft:killed_by":{"minecraft:husk":1,"minecraft:stray":1,"minecraft:spider":1,"minecraft:skeleton":1,"minecraft:zombie":2},"minecraft:broken":{"minecraft:iron_shovel":2,"minecraft:iron_pickaxe":1,"minecraft:wooden_axe":3}},"DataVersion":4082}