{"stats":{"minecraft:dropped":{"minecraft:wooden_axe":1,"minecraft:chicken":1,"minecraft:feather":2,"minecraft:wooden_pickaxe":2},"minecraft:custom":{"minecraft:time_since_rest":1103,"minecraft:sprint_one_cm":26132,"minecraft:damage_taken":1778,"minecraft:walk_one_cm":37011,"minecraft:mob_kills":4,"minecraft:drop":6,"minecraft:damage_dealt":438,"minecraft:interact_with_crafting_table":3,"minecraft:fly_one_cm":108664,"minecraft:play_time":15852,"minecraft:deaths":4,"minecraft:sneak_time":16,"minecraft:walk_under_water_one_cm":51,"minecraft:jump":507,"minecraft:leave_game":2,"minecraft:time_since_death":1067,"minecraft:walk_on_water_one_cm":2585,"minecraft:total_world_time":15852,"minecraft:fall_one_cm":29168},"minecraft:killed_by":{"minecraft:zombie":1},"minecraft:mined":{"minecraft:iron_ore":5,"minecraft:bee_nest":1,"minecraft:crafting_table":1,"minecraft:short_grass":2,"minecraft:coal_ore":45,"minecraft:grass_block":12,"minecraft:oak_log":3,"minecraft:stone":28,"minecraft:oak_leaves":1},"minecraft:killed":{"minecraft:zombie":1,"minecraft:bee":1,"minecraft:chicken":1},"minecraft:crafted":{"minecraft:oak_planks":92,"minecraft:crafting_table":1,"minecraft:stick":4,"minecraft:wooden_pickaxe":1,"minecraft:stone_pickaxe":1,"minecraft:wooden_axe":1,"minecraft:stone_sword":1},"minecraft:picked_up":{"minecraft:raw_iron":5,"minecraft:stick":14,"minecraft:crafting_table":1,"minecraft:feather":2,"minecraft:chicken":1,"minecraft:wooden_pickaxe":1,"minecraft:oak_log":23,"minecraft:dirt":12,"minecraft:rotten_flesh":2,"minecraft:apple":3,"minecraft:oak_sapling":15,"minecraft:coal":45,"minecraft:cobblestone":28,"minecraft:egg":1},"minecraft:used":{"minecraft:wooden_axe":7,"minecraft:stone_sword":2,"minecraft:apple":3,"minecraft:stone_pickaxe":63,"minecraft:wooden_pickaxe":15,"minecraft:rotten_flesh":1,"minecraft:dirt":12,"minecraft:cobblestone":3,"minecraft:crafting_table":2,"minecraft:egg":1}},"DataVersion":4082}