{"stats":{"minecraft:custom":{"minecraft:jump":165,"minecraft:time_since_rest":3665,"minecraft:damage_dealt":150,"minecraft:leave_game":1,"minecraft:sprint_one_cm":7069,"minecraft:play_time":3665,"minecraft:damage_taken":210,"minecraft:time_since_death":3665,"minecraft:walk_one_cm":13710,"minecraft:total_world_time":3665,"minecraft:mob_kills":2,"minecraft:fall_one_cm":6439,"minecraft:fly_one_cm":39520},"minecraft:mined":{"minecraft:bee_nest":1},"minecraft:killed":{"minecraft:bee":1,"minecraft:chicken":1},"minecraft:picked_up":{"minecraft:feather":2,"minecraft:chicken":1}},"DataVersion":4082}