{"stats":{"minecraft:custom":{"minecraft:time_since_rest":2885,"minecraft:walk_one_cm":21075,"minecraft:sprint_one_cm":10776,"minecraft:play_time":8047,"minecraft:damage_taken":735,"minecraft:deaths":2,"minecraft:walk_under_water_one_cm":51,"minecraft:sneak_time":16,"minecraft:mob_kills":3,"minecraft:drop":3,"minecraft:jump":251,"minecraft:damage_dealt":360,"minecraft:walk_on_water_one_cm":1133,"minecraft:leave_game":1,"minecraft:time_since_death":2785,"minecraft:total_world_time":8047,"minecraft:interact_with_crafting_table":1,"minecraft:fall_one_cm":13677,"minecraft:fly_one_cm":54406},"minecraft:dropped":{"minecraft:feather":2,"minecraft:chicken":1},"minecraft:killed":{"minecraft:zombie":1,"minecraft:bee":1,"minecraft:chicken":1},"minecraft:crafted":{"minecraft:oak_planks":12,"minecraft:crafting_table":1,"minecraft:stick":4,"minecraft:wooden_axe":1},"minecraft:mined":{"minecraft:short_grass":2,"minecraft:oak_log":3,"minecraft:grass_block":12,"minecraft:oak_leaves":1,"minecraft:crafting_table":1,"minecraft:bee_nest":1},"minecraft:picked_up":{"minecraft:stick":14,"minecraft:feather":2,"minecraft:chicken":1,"minecraft:apple":3,"minecraft:oak_log":23,"minecraft:oak_sapling":13,"minecraft:rotten_flesh":1,"minecraft:dirt":12,"minecraft:crafting_table":1},"minecraft:used":{"minecraft:wooden_axe":7,"minecraft:dirt":12,"minecraft:crafting_table":1}},"DataVersion":4082}