{"stats":{"minecraft:broken":{"minecraft:stone_pickaxe":1,"minecraft:iron_pickaxe":2},"minecraft:custom":{"minecraft:interact_with_furnace":14,"minecraft:mob_kills":11,"minecraft:interact_with_crafting_table":18,"minecraft:interact_with_stonecutter":1,"minecraft:leave_game":1,"minecraft:time_since_death":11684,"minecraft:sleep_in_bed":3,"minecraft:time_since_rest":11360,"minecraft:sprint_one_cm":152110,"minecraft:damage_taken":1052,"minecraft:walk_one_cm":250144,"minecraft:damage_blocked_by_shield":2246,"minecraft:drop":14,"minecraft:damage_dealt":1824,"minecraft:swim_one_cm":17445,"minecraft:talked_to_villager":1,"minecraft:fly_one_cm":160210,"minecraft:open_chest":38,"minecraft:crouch_one_cm":14825,"minecraft:play_time":90015,"minecraft:deaths":1,"minecraft:sneak_time":6134,"minecraft:walk_under_water_one_cm":8211,"minecraft:boat_one_cm":114817,"minecraft:jump":1059,"minecraft:walk_on_water_one_cm":19014,"minecraft:total_world_time":90015,"minecraft:fall_one_cm":22435},"minecraft:dropped":{"minecraft:iron_ingot":7,"minecraft:bread":64,"minecraft:stone_axe":1,"minecraft:wheat_seeds":5,"minecraft:stone_sword":1,"minecraft:cobbled_deepslate":13,"minecraft:filled_map":1,"minecraft:cooked_cod":3,"minecraft:cooked_salmon":2,"minecraft:leather_leggings":2,"minecraft:wooden_pickaxe":1},"minecraft:killed":{"minecraft:spider":4,"minecraft:skeleton":4,"minecraft:zombie":2,"minecraft:cow":1},"minecraft:mined":{"minecraft:deepslate_redstone_ore":42,"minecraft:tuff":1,"minecraft:white_bed":2,"minecraft:oak_sapling":1,"minecraft:deepslate_diamond_ore":5,"minecraft:crafting_table":1,"minecraft:short_grass":27,"minecraft:cobblestone":6,"minecraft:tall_grass":4,"minecraft:deepslate_gold_ore":22,"minecraft:lapis_ore":8,"minecraft:sugar_cane":16,"minecraft:hay_block":64,"minecraft:redstone_ore":3,"minecraft:magma_block":2,"minecraft:furnace":2,"minecraft:fire":6,"minecraft:iron_ore":14,"minecraft:andesite":2,"minecraft:yellow_bed":3,"minecraft:deepslate_lapis_ore":15,"minecraft:pointed_dripstone":11,"minecraft:coal_ore":58,"minecraft:oak_log":4,"minecraft:deepslate_iron_ore":31,"minecraft:gravel":4,"minecraft:sand":3,"minecraft:stone":96,"minecraft:deepslate":326,"minecraft:oak_leaves":3},"minecraft:crafted":{"minecraft:cooked_beef":2,"minecraft:oak_planks":44,"minecraft:diamond_sword":1,"minecraft:crafting_table":1,"minecraft:iron_helmet":1,"minecraft:wooden_pickaxe":1,"minecraft:furnace":2,"minecraft:bucket":1,"minecraft:bread":192,"minecraft:air":0,"minecraft:iron_boots":1,"minecraft:diamond_pickaxe":1,"minecraft:shield":1,"minecraft:stick":16,"minecraft:iron_ingot":8,"minecraft:iron_pickaxe":2,"minecraft:stone_pickaxe":1,"minecraft:wooden_axe":1,"minecraft:stone_sword":1,"minecraft:torch":24,"minecraft:wheat":576},"minecraft:picked_up":{"minecraft:crafting_table":1,"minecraft:magma_block":2,"minecraft:andesite":2,"minecraft:leather_leggings":1,"minecraft:leather":2,"minecraft:wooden_pickaxe":1,"minecraft:flint":1,"minecraft:tuff":4,"minecraft:oak_log":11,"minecraft:yellow_bed":3,"minecraft:lapis_lazuli":157,"minecraft:string":3,"minecraft:cooked_salmon":2,"minecraft:bone":3,"minecraft:apple":1,"minecraft:wheat_seeds":8,"minecraft:cobbled_deepslate":265,"minecraft:raw_gold":22,"minecraft:beef":3,"minecraft:oak_boat":1,"minecraft:sugar_cane":20,"minecraft:furnace":2,"minecraft:stick":5,"minecraft:raw_iron":47,"minecraft:gravel":3,"minecraft:sand":8,"minecraft:pointed_dripstone":25,"minecraft:white_bed":2,"minecraft:redstone":191,"minecraft:spider_eye":1,"minecraft:arrow":4,"minecraft:diamond":5,"minecraft:stone_axe":1,"minecraft:hay_block":64,"minecraft:oak_sapling":1,"minecraft:coal":58,"minecraft:cod":3,"minecraft:cobblestone":114},"minecraft:used":{"minecraft:stone_sword":43,"minecraft:stone_pickaxe":131,"minecraft:shield":32,"minecraft:wooden_pickaxe":14,"minecraft:sugar_cane":20,"minecraft:torch":17,"minecraft:crafting_table":1,"minecraft:golden_shovel":4,"minecraft:wooden_axe":6,"minecraft:diamond_pickaxe":1,"minecraft:bread":23,"minecraft:iron_pickaxe":500,"minecraft:iron_helmet":1,"minecraft:iron_boots":1,"minecraft:diamond_sword":3,"minecraft:cobblestone":81,"minecraft:beef":1,"minecraft:furnace":4,"minecraft:cooked_beef":2}},"DataVersion":4082}