{"stats":{"minecraft:broken":{"minecraft:stone_pickaxe":1,"minecraft:iron_pickaxe":2,"minecraft:golden_shovel":1},"minecraft:custom":{"minecraft:interact_with_furnace":16,"minecraft:mob_kills":11,"minecraft:interact_with_crafting_table":19,"minecraft:interact_with_stonecutter":1,"minecraft:leave_game":1,"minecraft:time_since_death":23684,"minecraft:sleep_in_bed":3,"minecraft:time_since_rest":23360,"minecraft:sprint_one_cm":169639,"minecraft:damage_taken":1052,"minecraft:walk_one_cm":332462,"minecraft:damage_blocked_by_shield":2246,"minecraft:drop":18,"minecraft:damage_dealt":1824,"minecraft:swim_one_cm":17445,"minecraft:talked_to_villager":1,"minecraft:fly_one_cm":182285,"minecraft:open_chest":42,"minecraft:crouch_one_cm":14825,"minecraft:play_time":102015,"minecraft:deaths":1,"minecraft:sneak_time":6135,"minecraft:walk_under_water_one_cm":8211,"minecraft:boat_one_cm":114817,"minecraft:jump":1144,"minecraft:walk_on_water_one_cm":19770,"minecraft:total_world_time":102015,"minecraft:fall_one_cm":23329},"minecraft:dropped":{"minecraft:iron_ingot":7,"minecraft:bread":64,"minecraft:stone_axe":1,"minecraft:wheat_seeds":11,"minecraft:stone_sword":1,"minecraft:cobbled_deepslate":13,"minecraft:oxeye_daisy":1,"minecraft:filled_map":1,"minecraft:oak_sapling":3,"minecraft:cooked_cod":3,"minecraft:cooked_salmon":2,"minecraft:leather_leggings":2,"minecraft:wooden_pickaxe":1},"minecraft:killed":{"minecraft:spider":4,"minecraft:skeleton":4,"minecraft:zombie":2,"minecraft:cow":1},"minecraft:mined":{"minecraft:deepslate_redstone_ore":42,"minecraft:tuff":1,"minecraft:white_bed":2,"minecraft:oak_sapling":1,"minecraft:mossy_cobblestone":6,"minecraft:deepslate_diamond_ore":5,"minecraft:cobblestone_stairs":4,"minecraft:crafting_table":1,"minecraft:short_grass":56,"minecraft:grass_block":143,"minecraft:chest":1,"minecraft:cobblestone":42,"minecraft:tall_grass":16,"minecraft:deepslate_gold_ore":22,"minecraft:lapis_ore":8,"minecraft:sugar_cane":24,"minecraft:oxeye_daisy":1,"minecraft:hay_block":64,"minecraft:redstone_ore":3,"minecraft:magma_block":2,"minecraft:furnace":2,"minecraft:fire":6,"minecraft:iron_ore":14,"minecraft:andesite":2,"minecraft:yellow_bed":3,"minecraft:deepslate_lapis_ore":15,"minecraft:pointed_dripstone":11,"minecraft:coal_ore":58,"minecraft:oak_log":4,"minecraft:deepslate_iron_ore":31,"minecraft:dirt":93,"minecraft:gravel":4,"minecraft:sand":3,"minecraft:stone":96,"minecraft:deepslate":326,"minecraft:oak_leaves":3},"minecraft:crafted":{"minecraft:cooked_beef":2,"minecraft:oak_planks":44,"minecraft:diamond_sword":1,"minecraft:crafting_table":1,"minecraft:iron_helmet":1,"minecraft:wooden_pickaxe":1,"minecraft:furnace":2,"minecraft:bucket":1,"minecraft:bread":192,"minecraft:air":0,"minecraft:iron_boots":1,"minecraft:diamond_pickaxe":1,"minecraft:shield":1,"minecraft:stick":20,"minecraft:iron_ingot":32,"minecraft:iron_pickaxe":2,"minecraft:stone_pickaxe":1,"minecraft:wooden_axe":1,"minecraft:stone_sword":1,"minecraft:iron_shovel":1,"minecraft:torch":24,"minecraft:wheat":576},"minecraft:picked_up":{"minecraft:crafting_table":1,"minecraft:magma_block":2,"minecraft:andesite":2,"minecraft:leather_leggings":1,"minecraft:leather":2,"minecraft:wooden_pickaxe":1,"minecraft:flint":1,"minecraft:tuff":4,"minecraft:oak_log":11,"minecraft:yellow_bed":3,"minecraft:cobblestone_stairs":4,"minecraft:dirt":235,"minecraft:lapis_lazuli":157,"minecraft:string":3,"minecraft:cooked_salmon":2,"minecraft:bone":3,"minecraft:apple":1,"minecraft:wheat_seeds":19,"minecraft:cobbled_deepslate":265,"minecraft:raw_gold":22,"minecraft:beef":3,"minecraft:oak_boat":1,"minecraft:sugar_cane":28,"minecraft:chest":1,"minecraft:furnace":2,"minecraft:stick":5,"minecraft:raw_iron":47,"minecraft:torch":1,"minecraft:gravel":3,"minecraft:sand":8,"minecraft:mossy_cobblestone":6,"minecraft:pointed_dripstone":25,"minecraft:white_bed":2,"minecraft:redstone":191,"minecraft:spider_eye":1,"minecraft:arrow":4,"minecraft:diamond":5,"minecraft:stone_axe":1,"minecraft:hay_block":64,"minecraft:oak_sapling":7,"minecraft:coal":58,"minecraft:cod":3,"minecraft:cobblestone":147,"minecraft:oxeye_daisy":1},"minecraft:used":{"minecraft:iron_shovel":209,"minecraft:stone_sword":43,"minecraft:stone_pickaxe":131,"minecraft:shield":32,"minecraft:wooden_pickaxe":14,"minecraft:sugar_cane":28,"minecraft:torch":17,"minecraft:dirt":235,"minecraft:crafting_table":1,"minecraft:golden_shovel":38,"minecraft:wooden_axe":7,"minecraft:diamond_pickaxe":47,"minecraft:bread":24,"minecraft:iron_pickaxe":500,"minecraft:iron_helmet":1,"minecraft:iron_boots":1,"minecraft:diamond_sword":3,"minecraft:cobblestone":81,"minecraft:beef":1,"minecraft:furnace":4,"minecraft:bucket":1,"minecraft:cooked_beef":2}},"DataVersion":4082}