{"stats":{"minecraft:custom":{"minecraft:interact_with_furnace":5,"minecraft:mob_kills":20,"minecraft:interact_with_crafting_table":8,"minecraft:open_barrel":1,"minecraft:leave_game":1,"minecraft:time_since_death":13764,"minecraft:time_since_rest":13811,"minecraft:sprint_one_cm":135623,"minecraft:walk_one_cm":99295,"minecraft:damage_taken":570,"minecraft:damage_blocked_by_shield":501,"minecraft:drop":11,"minecraft:damage_dealt":2310,"minecraft:swim_one_cm":2079,"minecraft:fly_one_cm":66448,"minecraft:open_chest":7,"minecraft:crouch_one_cm":7436,"minecraft:play_time":48683,"minecraft:deaths":1,"minecraft:sneak_time":3569,"minecraft:walk_under_water_one_cm":183,"minecraft:jump":548,"minecraft:walk_on_water_one_cm":12824,"minecraft:total_world_time":48683,"minecraft:fall_one_cm":11064},"minecraft:picked_up":{"minecraft:crafting_table":5,"minecraft:chicken":1,"minecraft:andesite":9,"minecraft:leather":6,"minecraft:flint":1,"minecraft:tuff":29,"minecraft:oak_log":34,"minecraft:gunpowder":1,"minecraft:lapis_lazuli":22,"minecraft:dirt":14,"minecraft:string":2,"minecraft:cooked_mutton":26,"minecraft:bone":1,"minecraft:bow":2,"minecraft:wheat_seeds":1,"minecraft:cobbled_deepslate":180,"minecraft:beef":22,"minecraft:cobblestone_slab":12,"minecraft:light_gray_wool":1,"minecraft:egg":1,"minecraft:furnace":2,"minecraft:stick":2,"minecraft:raw_iron":7,"minecraft:cooked_porkchop":4,"minecraft:torch":1,"minecraft:gravel":7,"minecraft:porkchop":4,"minecraft:diorite":10,"minecraft:redstone":83,"minecraft:arrow":2,"minecraft:rotten_flesh":2,"minecraft:diamond":2,"minecraft:granite":19,"minecraft:oak_sapling":4,"minecraft:coal":119,"minecraft:mutton":9,"minecraft:white_wool":6,"minecraft:cobblestone":189},"minecraft:used":{"minecraft:cooked_mutton":6,"minecraft:stone_sword":8,"minecraft:stone_pickaxe":454,"minecraft:shield":8,"minecraft:wooden_pickaxe":85,"minecraft:torch":8,"minecraft:dirt":8,"minecraft:crafting_table":5,"minecraft:wooden_axe":55,"minecraft:iron_pickaxe":27,"minecraft:wooden_sword":22,"minecraft:cobblestone":46,"minecraft:furnace":2,"minecraft:cooked_porkchop":1,"minecraft:cobbled_deepslate":41},"minecraft:killed":{"minecraft:pig":3,"minecraft:zombie_villager":1,"minecraft:spider":1,"minecraft:creeper":1,"minecraft:sheep":7,"minecraft:skeleton":1,"minecraft:chicken":1,"minecraft:cow":5},"minecraft:dropped":{"minecraft:wheat_seeds":1,"minecraft:cobbled_deepslate":2,"minecraft:granite":19,"minecraft:dirt":5,"minecraft:cobblestone_slab":24,"minecraft:andesite":3,"minecraft:oak_sapling":4,"minecraft:bow":1},"minecraft:mined":{"minecraft:deepslate_redstone_ore":19,"minecraft:tuff":34,"minecraft:deepslate_diamond_ore":2,"minecraft:crafting_table":5,"minecraft:granite":19,"minecraft:short_grass":8,"minecraft:grass_block":1,"minecraft:cobblestone":11,"minecraft:lapis_ore":2,"minecraft:diorite":10,"minecraft:wall_torch":1,"minecraft:furnace":2,"minecraft:iron_ore":2,"minecraft:cobbled_deepslate":2,"minecraft:andesite":12,"minecraft:deepslate_lapis_ore":1,"minecraft:oak_log":34,"minecraft:coal_ore":78,"minecraft:deepslate_iron_ore":5,"minecraft:gravel":8,"minecraft:dirt":8,"minecraft:stone":179,"minecraft:oak_leaves":1,"minecraft:deepslate":177},"minecraft:crafted":{"minecraft:oak_planks":80,"minecraft:cobblestone_slab":12,"minecraft:crafting_table":2,"minecraft:wooden_pickaxe":1,"minecraft:furnace":1,"minecraft:air":0,"minecraft:shield":1,"minecraft:stick":28,"minecraft:iron_ingot":5,"minecraft:iron_pickaxe":1,"minecraft:stone_pickaxe":5,"minecraft:wooden_axe":1,"minecraft:stone_sword":1,"minecraft:torch":16},"minecraft:killed_by":{"minecraft:skeleton":1},"minecraft:broken":{"minecraft:stone_pickaxe":3,"minecraft:wooden_pickaxe":1}},"DataVersion":4082}