{"stats":{"minecraft:custom":{"minecraft:time_since_rest":242,"minecraft:interact_with_furnace":4,"minecraft:sprint_one_cm":71772,"minecraft:damage_taken":330,"minecraft:walk_one_cm":67705,"minecraft:damage_blocked_by_shield":180,"minecraft:mob_kills":1,"minecraft:drop":5,"minecraft:damage_dealt":100,"minecraft:talked_to_villager":1,"minecraft:interact_with_crafting_table":5,"minecraft:swim_one_cm":1860,"minecraft:fly_one_cm":58552,"minecraft:open_chest":7,"minecraft:crouch_one_cm":1378,"minecraft:play_time":30134,"minecraft:sneak_time":871,"minecraft:walk_under_water_one_cm":6997,"minecraft:boat_one_cm":114817,"minecraft:jump":370,"minecraft:interact_with_stonecutter":1,"minecraft:time_since_death":30134,"minecraft:walk_on_water_one_cm":4801,"minecraft:sleep_in_bed":2,"minecraft:total_world_time":30134,"minecraft:fall_one_cm":10876},"minecraft:dropped":{"minecraft:filled_map":1,"minecraft:iron_ingot":7,"minecraft:wheat_seeds":1,"minecraft:cooked_cod":3,"minecraft:cooked_salmon":2},"minecraft:killed":{"minecraft:cow":1},"minecraft:mined":{"minecraft:hay_block":8,"minecraft:magma_block":2,"minecraft:oak_sapling":1,"minecraft:furnace":1,"minecraft:short_grass":5,"minecraft:oak_log":4,"minecraft:coal_ore":26,"minecraft:sand":3,"minecraft:tall_grass":4,"minecraft:stone":82,"minecraft:oak_leaves":3},"minecraft:crafted":{"minecraft:cooked_beef":2,"minecraft:oak_planks":16,"minecraft:shield":1,"minecraft:stick":8,"minecraft:wooden_pickaxe":1,"minecraft:iron_ingot":1,"minecraft:stone_pickaxe":1,"minecraft:wooden_axe":1,"minecraft:stone_sword":1,"minecraft:furnace":1,"minecraft:air":0,"minecraft:wheat":72},"minecraft:picked_up":{"minecraft:stick":5,"minecraft:magma_block":2,"minecraft:leather":2,"minecraft:sand":8,"minecraft:oak_log":11,"minecraft:cooked_salmon":2,"minecraft:wheat_seeds":4,"minecraft:hay_block":8,"minecraft:beef":3,"minecraft:oak_boat":1,"minecraft:oak_sapling":1,"minecraft:cod":3,"minecraft:coal":26,"minecraft:cobblestone":81,"minecraft:furnace":1},"minecraft:used":{"minecraft:wooden_axe":4,"minecraft:stone_sword":1,"minecraft:bread":4,"minecraft:stone_pickaxe":97,"minecraft:shield":3,"minecraft:wooden_pickaxe":14,"minecraft:beef":1,"minecraft:furnace":1,"minecraft:golden_shovel":3,"minecraft:cooked_beef":2}},"DataVersion":4082}