{"stats":{"minecraft:custom":{"minecraft:interact_with_furnace":4,"minecraft:sprint_one_cm":103867,"minecraft:damage_taken":330,"minecraft:walk_one_cm":91458,"minecraft:damage_blocked_by_shield":180,"minecraft:mob_kills":1,"minecraft:drop":9,"minecraft:damage_dealt":100,"minecraft:interact_with_crafting_table":9,"minecraft:swim_one_cm":14614,"minecraft:talked_to_villager":1,"minecraft:fly_one_cm":118905,"minecraft:open_chest":12,"minecraft:crouch_one_cm":1401,"minecraft:play_time":42015,"minecraft:sneak_time":875,"minecraft:walk_under_water_one_cm":7121,"minecraft:boat_one_cm":114817,"minecraft:jump":559,"minecraft:interact_with_stonecutter":1,"minecraft:leave_game":1,"minecraft:time_since_death":42015,"minecraft:walk_on_water_one_cm":7692,"minecraft:sleep_in_bed":2,"minecraft:total_world_time":42015,"minecraft:fall_one_cm":13384,"minecraft:time_since_rest":12123},"minecraft:dropped":{"minecraft:filled_map":1,"minecraft:bread":64,"minecraft:iron_ingot":7,"minecraft:wheat_seeds":5,"minecraft:cooked_cod":3,"minecraft:cooked_salmon":2,"minecraft:leather_leggings":1},"minecraft:killed":{"minecraft:cow":1},"minecraft:mined":{"minecraft:hay_block":64,"minecraft:magma_block":2,"minecraft:oak_sapling":1,"minecraft:furnace":1,"minecraft:crafting_table":1,"minecraft:short_grass":26,"minecraft:oak_log":4,"minecraft:coal_ore":26,"minecraft:sand":3,"minecraft:tall_grass":4,"minecraft:stone":82,"minecraft:sugar_cane":9,"minecraft:oak_leaves":3},"minecraft:crafted":{"minecraft:cooked_beef":2,"minecraft:oak_planks":20,"minecraft:shield":1,"minecraft:crafting_table":1,"minecraft:stick":8,"minecraft:wooden_pickaxe":1,"minecraft:iron_ingot":1,"minecraft:iron_pickaxe":2,"minecraft:stone_pickaxe":1,"minecraft:wooden_axe":1,"minecraft:stone_sword":1,"minecraft:furnace":1,"minecraft:bread":192,"minecraft:air":0,"minecraft:wheat":576},"minecraft:picked_up":{"minecraft:magma_block":2,"minecraft:stick":5,"minecraft:crafting_table":1,"minecraft:leather":2,"minecraft:sand":8,"minecraft:oak_log":11,"minecraft:cooked_salmon":2,"minecraft:apple":1,"minecraft:wheat_seeds":8,"minecraft:hay_block":64,"minecraft:beef":3,"minecraft:oak_boat":1,"minecraft:oak_sapling":1,"minecraft:cod":3,"minecraft:sugar_cane":13,"minecraft:coal":26,"minecraft:cobblestone":81,"minecraft:furnace":1},"minecraft:used":{"minecraft:wooden_axe":6,"minecraft:stone_sword":1,"minecraft:bread":7,"minecraft:stone_pickaxe":97,"minecraft:wooden_pickaxe":14,"minecraft:shield":3,"minecraft:sugar_cane":13,"minecraft:beef":1,"minecraft:crafting_table":1,"minecraft:furnace":1,"minecraft:golden_shovel":3,"minecraft:cooked_beef":2}},"DataVersion":4082}