{"stats":{"minecraft:dropped":{"minecraft:wheat_seeds":1},"minecraft:custom":{"minecraft:time_since_rest":18134,"minecraft:interact_with_furnace":4,"minecraft:sprint_one_cm":11977,"minecraft:damage_taken":170,"minecraft:walk_one_cm":33423,"minecraft:mob_kills":1,"minecraft:drop":1,"minecraft:damage_dealt":100,"minecraft:interact_with_crafting_table":4,"minecraft:swim_one_cm":1560,"minecraft:fly_one_cm":16871,"minecraft:open_chest":3,"minecraft:crouch_one_cm":1378,"minecraft:play_time":18134,"minecraft:sneak_time":865,"minecraft:walk_under_water_one_cm":6961,"minecraft:boat_one_cm":96753,"minecraft:jump":117,"minecraft:time_since_death":18134,"minecraft:walk_on_water_one_cm":4282,"minecraft:total_world_time":18134,"minecraft:fall_one_cm":4121},"minecraft:killed":{"minecraft:cow":1},"minecraft:mined":{"minecraft:magma_block":2,"minecraft:furnace":1,"minecraft:short_grass":2,"minecraft:oak_log":4,"minecraft:coal_ore":26,"minecraft:tall_grass":4,"minecraft:stone":82,"minecraft:oak_leaves":1},"minecraft:crafted":{"minecraft:cooked_beef":2,"minecraft:oak_planks":16,"minecraft:shield":1,"minecraft:stick":8,"minecraft:wooden_pickaxe":1,"minecraft:iron_ingot":1,"minecraft:stone_pickaxe":1,"minecraft:wooden_axe":1,"minecraft:stone_sword":1,"minecraft:furnace":1,"minecraft:air":0},"minecraft:picked_up":{"minecraft:magma_block":2,"minecraft:leather":2,"minecraft:oak_log":4,"minecraft:wheat_seeds":1,"minecraft:beef":3,"minecraft:cod":3,"minecraft:coal":26,"minecraft:cobblestone":81,"minecraft:furnace":1},"minecraft:used":{"minecraft:wooden_axe":2,"minecraft:stone_pickaxe":97,"minecraft:wooden_pickaxe":14,"minecraft:beef":1,"minecraft:furnace":1,"minecraft:cooked_beef":1}},"DataVersion":4082}