{"stats":{"minecraft:broken":{"minecraft:stone_pickaxe":1},"minecraft:custom":{"minecraft:interact_with_furnace":4,"minecraft:mob_kills":6,"minecraft:interact_with_crafting_table":9,"minecraft:interact_with_stonecutter":1,"minecraft:leave_game":1,"minecraft:time_since_death":54015,"minecraft:sleep_in_bed":2,"minecraft:time_since_rest":24123,"minecraft:sprint_one_cm":109488,"minecraft:damage_taken":729,"minecraft:walk_one_cm":135372,"minecraft:damage_blocked_by_shield":1236,"minecraft:drop":9,"minecraft:damage_dealt":779,"minecraft:swim_one_cm":14614,"minecraft:talked_to_villager":1,"minecraft:fly_one_cm":126447,"minecraft:open_chest":12,"minecraft:crouch_one_cm":7588,"minecraft:play_time":54015,"minecraft:sneak_time":2841,"minecraft:walk_under_water_one_cm":7162,"minecraft:boat_one_cm":114817,"minecraft:jump":690,"minecraft:walk_on_water_one_cm":11272,"minecraft:total_world_time":54015,"minecraft:fall_one_cm":16407},"minecraft:dropped":{"minecraft:iron_ingot":7,"minecraft:bread":64,"minecraft:wheat_seeds":5,"minecraft:filled_map":1,"minecraft:cooked_cod":3,"minecraft:cooked_salmon":2,"minecraft:leather_leggings":1},"minecraft:killed":{"minecraft:spider":1,"minecraft:skeleton":3,"minecraft:zombie":1,"minecraft:cow":1},"minecraft:mined":{"minecraft:oak_sapling":1,"minecraft:crafting_table":1,"minecraft:short_grass":26,"minecraft:cobblestone":2,"minecraft:tall_grass":4,"minecraft:lapis_ore":8,"minecraft:sugar_cane":9,"minecraft:hay_block":64,"minecraft:magma_block":2,"minecraft:furnace":1,"minecraft:iron_ore":13,"minecraft:andesite":2,"minecraft:coal_ore":58,"minecraft:oak_log":4,"minecraft:sand":3,"minecraft:stone":96,"minecraft:oak_leaves":3},"minecraft:crafted":{"minecraft:cooked_beef":2,"minecraft:oak_planks":28,"minecraft:crafting_table":1,"minecraft:wooden_pickaxe":1,"minecraft:furnace":1,"minecraft:bread":192,"minecraft:air":0,"minecraft:shield":1,"minecraft:stick":12,"minecraft:iron_ingot":1,"minecraft:iron_pickaxe":2,"minecraft:stone_pickaxe":1,"minecraft:wooden_axe":1,"minecraft:stone_sword":1,"minecraft:torch":24,"minecraft:wheat":576},"minecraft:picked_up":{"minecraft:crafting_table":1,"minecraft:magma_block":2,"minecraft:andesite":2,"minecraft:leather":2,"minecraft:oak_log":11,"minecraft:lapis_lazuli":64,"minecraft:string":1,"minecraft:cooked_salmon":2,"minecraft:bone":2,"minecraft:apple":1,"minecraft:wheat_seeds":8,"minecraft:beef":3,"minecraft:oak_boat":1,"minecraft:sugar_cane":13,"minecraft:furnace":1,"minecraft:stick":5,"minecraft:raw_iron":13,"minecraft:sand":8,"minecraft:arrow":3,"minecraft:hay_block":64,"minecraft:oak_sapling":1,"minecraft:coal":58,"minecraft:cod":3,"minecraft:cobblestone":110},"minecraft:used":{"minecraft:stone_sword":19,"minecraft:stone_pickaxe":131,"minecraft:shield":16,"minecraft:wooden_pickaxe":14,"minecraft:sugar_cane":13,"minecraft:torch":6,"minecraft:crafting_table":1,"minecraft:golden_shovel":3,"minecraft:wooden_axe":6,"minecraft:bread":15,"minecraft:iron_pickaxe":37,"minecraft:cobblestone":55,"minecraft:beef":1,"minecraft:furnace":1,"minecraft:cooked_beef":2}},"DataVersion":4082}