{"stats":{"minecraft:mined":{"minecraft:pink_petals":5,"minecraft:grass_block":2,"minecraft:cherry_leaves":1,"minecraft:dirt":5,"minecraft:iron_ore":1,"minecraft:tall_grass":17,"minecraft:cherry_log":19,"minecraft:stone":3,"minecraft:peony":5,"minecraft:crafting_table":1},"minecraft:crafted":{"minecraft:cherry_planks":12,"minecraft:crafting_table":1,"minecraft:stick":8,"minecraft:stone_pickaxe":1,"minecraft:wooden_pickaxe":1},"minecraft:used":{"minecraft:dirt":3,"minecraft:crafting_table":1,"minecraft:stone_pickaxe":3,"minecraft:wooden_pickaxe":3,"minecraft:peony":1},"minecraft:picked_up":{"minecraft:crafting_table":1,"minecraft:raw_iron":1,"minecraft:pink_petals":14,"minecraft:stick":26,"minecraft:peony":5,"minecraft:wheat_seeds":3,"minecraft:cherry_sapling":28,"minecraft:cherry_log":26,"minecraft:dirt":7,"minecraft:cobblestone":3},"minecraft:custom":{"minecraft:time_since_rest":30000,"minecraft:crouch_one_cm":79,"minecraft:play_time":30000,"minecraft:sprint_one_cm":33172,"minecraft:damage_taken":120,"minecraft:walk_one_cm":38617,"minecraft:sneak_time":28,"minecraft:jump":216,"minecraft:time_since_death":30000,"minecraft:total_world_time":30000,"minecraft:interact_with_crafting_table":2,"minecraft:fall_one_cm":3480,"minecraft:fly_one_cm":26937}},"DataVersion":4082}