{"stats":{"minecraft:mined":{"minecraft:grass_block":1,"minecraft:cherry_log":2,"minecraft:dirt":3},"minecraft:crafted":{"minecraft:cherry_planks":8,"minecraft:crafting_table":1},"minecraft:used":{"minecraft:dirt":2},"minecraft:picked_up":{"minecraft:cherry_log":2,"minecraft:dirt":4},"minecraft:custom":{"minecraft:jump":68,"minecraft:time_since_rest":18000,"minecraft:damage_taken":100,"minecraft:sprint_one_cm":12052,"minecraft:play_time":18000,"minecraft:time_since_death":18000,"minecraft:walk_one_cm":3080,"minecraft:total_world_time":18000,"minecraft:fall_one_cm":335,"minecraft:fly_one_cm":9130}},"DataVersion":4082}