{"stats":{"minecraft:mined":{"minecraft:pink_petals":5,"minecraft:oak_sapling":1,"minecraft:pink_bed":2,"minecraft:iron_ore":1,"minecraft:cherry_log":19,"minecraft:dandelion":2,"minecraft:cornflower":2,"minecraft:azure_bluet":2,"minecraft:crafting_table":1,"minecraft:peony":5,"minecraft:allium":8,"minecraft:short_grass":2,"minecraft:grass_block":4,"minecraft:coal_ore":30,"minecraft:poppy":1,"minecraft:dark_oak_sapling":2,"minecraft:cherry_leaves":1,"minecraft:dirt":5,"minecraft:tall_grass":35,"minecraft:stone":11,"minecraft:birch_sapling":2},"minecraft:crafted":{"minecraft:cherry_planks":12,"minecraft:crafting_table":1,"minecraft:stick":8,"minecraft:wooden_pickaxe":1,"minecraft:stone_pickaxe":1,"minecraft:stone_axe":2},"minecraft:dropped":{"minecraft:dark_oak_log":97,"minecraft:wheat_seeds":6,"minecraft:birch_sapling":13,"minecraft:wooden_pickaxe":1},"minecraft:used":{"minecraft:stone_pickaxe":63,"minecraft:wooden_pickaxe":3,"minecraft:pink_bed":1,"minecraft:stone_axe":3,"minecraft:dirt":5,"minecraft:crafting_table":2,"minecraft:cherry_boat":1,"minecraft:cooked_mutton":3,"minecraft:peony":1},"minecraft:picked_up":{"minecraft:birch_log":84,"minecraft:stick":63,"minecraft:pink_petals":14,"minecraft:raw_iron":1,"minecraft:crafting_table":2,"minecraft:cooked_beef":25,"minecraft:allium":8,"minecraft:azure_bluet":2,"minecraft:torch":1,"minecraft:dandelion":2,"minecraft:porkchop":2,"minecraft:oak_log":40,"minecraft:cherry_log":26,"minecraft:dark_oak_log":298,"minecraft:cornflower":2,"minecraft:dirt":9,"minecraft:cooked_mutton":3,"minecraft:apple":18,"minecraft:cherry_boat":2,"minecraft:wheat_seeds":6,"minecraft:peony":5,"minecraft:cherry_sapling":28,"minecraft:poppy":1,"minecraft:dark_oak_sapling":58,"minecraft:oak_sapling":13,"minecraft:white_wool":2,"minecraft:mutton":3,"minecraft:birch_sapling":34,"minecraft:coal":27,"minecraft:pink_bed":2,"minecraft:cobblestone":11},"minecraft:custom":{"minecraft:time_since_rest":9673,"minecraft:sprint_one_cm":116292,"minecraft:damage_taken":120,"minecraft:walk_one_cm":108107,"minecraft:drop":5,"minecraft:swim_one_cm":247,"minecraft:fly_one_cm":61540,"minecraft:interact_with_crafting_table":4,"minecraft:open_chest":1,"minecraft:crouch_one_cm":79,"minecraft:play_time":54000,"minecraft:sneak_time":34,"minecraft:walk_under_water_one_cm":123,"minecraft:boat_one_cm":38083,"minecraft:jump":481,"minecraft:walk_on_water_one_cm":297,"minecraft:time_since_death":54000,"minecraft:sleep_in_bed":1,"minecraft:total_world_time":54000,"minecraft:fall_one_cm":6973}},"DataVersion":4082}