{"stats":{"minecraft:mined":{"minecraft:pink_petals":5,"minecraft:oak_sapling":1,"minecraft:pink_bed":1,"minecraft:iron_ore":1,"minecraft:cherry_log":19,"minecraft:dandelion":2,"minecraft:cornflower":2,"minecraft:azure_bluet":2,"minecraft:crafting_table":1,"minecraft:peony":5,"minecraft:grass_block":4,"minecraft:coal_ore":30,"minecraft:poppy":1,"minecraft:cherry_leaves":1,"minecraft:dirt":5,"minecraft:tall_grass":19,"minecraft:stone":11,"minecraft:birch_sapling":2},"minecraft:crafted":{"minecraft:cherry_planks":12,"minecraft:crafting_table":1,"minecraft:stick":8,"minecraft:wooden_pickaxe":1,"minecraft:stone_pickaxe":1,"minecraft:stone_axe":1},"minecraft:dropped":{"minecraft:birch_sapling":13},"minecraft:used":{"minecraft:stone_pickaxe":43,"minecraft:wooden_pickaxe":3,"minecraft:stone_axe":3,"minecraft:dirt":5,"minecraft:crafting_table":2,"minecraft:cooked_mutton":3,"minecraft:peony":1},"minecraft:picked_up":{"minecraft:birch_log":84,"minecraft:stick":51,"minecraft:pink_petals":14,"minecraft:raw_iron":1,"minecraft:crafting_table":1,"minecraft:azure_bluet":2,"minecraft:torch":1,"minecraft:dandelion":2,"minecraft:porkchop":2,"minecraft:oak_log":22,"minecraft:cherry_log":26,"minecraft:cornflower":2,"minecraft:dirt":9,"minecraft:cooked_mutton":3,"minecraft:apple":1,"minecraft:wheat_seeds":3,"minecraft:peony":5,"minecraft:cherry_sapling":28,"minecraft:poppy":1,"minecraft:oak_sapling":9,"minecraft:white_wool":2,"minecraft:mutton":3,"minecraft:birch_sapling":31,"minecraft:coal":27,"minecraft:pink_bed":1,"minecraft:cobblestone":11},"minecraft:custom":{"minecraft:time_since_rest":42000,"minecraft:sprint_one_cm":73716,"minecraft:damage_taken":120,"minecraft:walk_one_cm":81994,"minecraft:drop":1,"minecraft:fly_one_cm":45348,"minecraft:interact_with_crafting_table":3,"minecraft:crouch_one_cm":79,"minecraft:play_time":42000,"minecraft:sneak_time":34,"minecraft:jump":381,"minecraft:time_since_death":42000,"minecraft:total_world_time":42000,"minecraft:fall_one_cm":4434}},"DataVersion":4082}