{"stats":{"minecraft:dropped":{"minecraft:wheat_seeds":2},"minecraft:custom":{"minecraft:time_since_rest":17666,"minecraft:sprint_one_cm":11306,"minecraft:damage_taken":130,"minecraft:walk_one_cm":24991,"minecraft:mob_kills":4,"minecraft:drop":1,"minecraft:damage_dealt":320,"minecraft:interact_with_crafting_table":5,"minecraft:swim_one_cm":2349,"minecraft:fly_one_cm":17343,"minecraft:open_chest":3,"minecraft:crouch_one_cm":98,"minecraft:play_time":17666,"minecraft:sneak_time":139,"minecraft:walk_under_water_one_cm":2154,"minecraft:boat_one_cm":195822,"minecraft:jump":79,"minecraft:time_since_death":17666,"minecraft:walk_on_water_one_cm":1192,"minecraft:total_world_time":17666,"minecraft:fall_one_cm":1031},"minecraft:mined":{"minecraft:oak_sapling":1,"minecraft:crafting_table":3,"minecraft:short_grass":7,"minecraft:oak_log":4,"minecraft:tall_grass":4,"minecraft:stone":148,"minecraft:oak_leaves":7},"minecraft:crafted":{"minecraft:oak_boat":1,"minecraft:oak_planks":112,"minecraft:crafting_table":1,"minecraft:stick":8,"minecraft:wooden_pickaxe":1,"minecraft:stone_pickaxe":1,"minecraft:wooden_axe":1,"minecraft:stone_axe":1},"minecraft:killed":{"minecraft:sheep":4},"minecraft:picked_up":{"minecraft:stick":12,"minecraft:crafting_table":3,"minecraft:oak_log":28,"minecraft:apple":2,"minecraft:wheat_seeds":2,"minecraft:oak_boat":2,"minecraft:oak_sapling":19,"minecraft:mutton":5,"minecraft:white_wool":4,"minecraft:cobblestone":148},"minecraft:used":{"minecraft:wooden_axe":10,"minecraft:apple":2,"minecraft:stone_pickaxe":114,"minecraft:wooden_pickaxe":34,"minecraft:crafting_table":3,"minecraft:oak_boat":3}},"DataVersion":4082}