{"stats":{"minecraft:broken":{"minecraft:stone_pickaxe":1},"minecraft:dropped":{"minecraft:wheat_seeds":7,"minecraft:granite":1},"minecraft:custom":{"minecraft:mob_kills":11,"minecraft:interact_with_cartography_table":1,"minecraft:interact_with_crafting_table":10,"minecraft:leave_game":1,"minecraft:time_since_death":13177,"minecraft:sleep_in_bed":1,"minecraft:time_since_rest":13204,"minecraft:sprint_one_cm":131654,"minecraft:damage_taken":2797,"minecraft:walk_one_cm":129082,"minecraft:drop":5,"minecraft:damage_dealt":2243,"minecraft:swim_one_cm":12613,"minecraft:fly_one_cm":332040,"minecraft:open_chest":7,"minecraft:crouch_one_cm":5214,"minecraft:play_time":65115,"minecraft:deaths":5,"minecraft:sneak_time":2542,"minecraft:walk_under_water_one_cm":8472,"minecraft:boat_one_cm":215141,"minecraft:jump":849,"minecraft:walk_on_water_one_cm":13527,"minecraft:total_world_time":65115,"minecraft:fall_one_cm":21777},"minecraft:killed_by":{"minecraft:skeleton":1,"minecraft:creeper":2,"minecraft:spider":1},"minecraft:killed":{"minecraft:spider":1,"minecraft:skeleton":4,"minecraft:sheep":4,"minecraft:zombie":1},"minecraft:crafted":{"minecraft:oak_planks":116,"minecraft:crafting_table":2,"minecraft:wooden_pickaxe":1,"minecraft:stone_axe":1,"minecraft:oak_boat":2,"minecraft:diamond_pickaxe":1,"minecraft:stick":8,"minecraft:iron_pickaxe":2,"minecraft:stone_pickaxe":3,"minecraft:wooden_axe":1,"minecraft:chest":2},"minecraft:mined":{"minecraft:deepslate_redstone_ore":12,"minecraft:tuff":3,"minecraft:white_bed":1,"minecraft:oak_sapling":7,"minecraft:deepslate_diamond_ore":5,"minecraft:crafting_table":7,"minecraft:granite":38,"minecraft:short_grass":102,"minecraft:grass_block":3,"minecraft:tall_grass":21,"minecraft:cobblestone":3,"minecraft:diorite":2,"minecraft:wall_torch":2,"minecraft:iron_ore":7,"minecraft:andesite":1,"minecraft:deepslate_lapis_ore":6,"minecraft:pointed_dripstone":2,"minecraft:coal_ore":39,"minecraft:oak_log":4,"minecraft:rail":16,"minecraft:deepslate_iron_ore":11,"minecraft:dirt":9,"minecraft:gravel":3,"minecraft:sand":6,"minecraft:stripped_oak_log":1,"minecraft:stone":184,"minecraft:oak_leaves":12,"minecraft:deepslate":13},"minecraft:picked_up":{"minecraft:stripped_oak_log":1,"minecraft:crafting_table":7,"minecraft:leather_leggings":1,"minecraft:filled_map":1,"minecraft:flint":1,"minecraft:tuff":3,"minecraft:oak_log":60,"minecraft:lapis_lazuli":47,"minecraft:dirt":12,"minecraft:bone":2,"minecraft:apple":2,"minecraft:wheat_seeds":15,"minecraft:cobbled_deepslate":12,"minecraft:iron_ingot":7,"minecraft:oak_boat":2,"minecraft:stick":18,"minecraft:raw_iron":17,"minecraft:torch":3,"minecraft:gravel":2,"minecraft:sand":1,"minecraft:pointed_dripstone":7,"minecraft:diorite":2,"minecraft:white_bed":1,"minecraft:redstone":52,"minecraft:arrow":4,"minecraft:rotten_flesh":2,"minecraft:cooked_cod":3,"minecraft:diamond":5,"minecraft:granite":28,"minecraft:bread":64,"minecraft:oak_sapling":26,"minecraft:mutton":5,"minecraft:coal":39,"minecraft:rail":16,"minecraft:white_wool":4,"minecraft:cobblestone":186},"minecraft:used":{"minecraft:stone_pickaxe":215,"minecraft:chest":2,"minecraft:wooden_pickaxe":34,"minecraft:torch":2,"minecraft:crafting_table":8,"minecraft:white_bed":1,"minecraft:tuff":2,"minecraft:granite":27,"minecraft:wooden_axe":12,"minecraft:apple":2,"minecraft:bread":21,"minecraft:iron_pickaxe":97,"minecraft:stone_axe":34,"minecraft:cobblestone":21,"minecraft:cooked_cod":3,"minecraft:oak_boat":4}},"DataVersion":4082}