{"stats":{"minecraft:broken":{"minecraft:stone_pickaxe":1,"minecraft:iron_pickaxe":1,"minecraft:flint_and_steel":3},"minecraft:dropped":{"minecraft:stone_axe":1,"minecraft:wheat_seeds":9,"minecraft:oak_pressure_plate":2,"minecraft:tuff":1,"minecraft:granite":1,"minecraft:grass_block":1,"minecraft:filled_map":1,"minecraft:dirt":2,"minecraft:oak_sapling":7,"minecraft:leather_leggings":1,"minecraft:stone_pickaxe":1,"minecraft:wooden_pickaxe":2,"minecraft:bell":1,"minecraft:string":1},"minecraft:custom":{"minecraft:interact_with_furnace":20,"minecraft:mob_kills":22,"minecraft:interact_with_crafting_table":18,"minecraft:interact_with_cartography_table":1,"minecraft:bell_ring":9,"minecraft:leave_game":2,"minecraft:time_since_death":21633,"minecraft:sleep_in_bed":2,"minecraft:time_since_rest":9922,"minecraft:sprint_one_cm":233400,"minecraft:damage_taken":3728,"minecraft:walk_one_cm":278266,"minecraft:drop":23,"minecraft:damage_dealt":4108,"minecraft:swim_one_cm":12613,"minecraft:fly_one_cm":608930,"minecraft:open_chest":46,"minecraft:crouch_one_cm":7421,"minecraft:play_time":100975,"minecraft:sneak_time":3812,"minecraft:deaths":6,"minecraft:walk_under_water_one_cm":13852,"minecraft:boat_one_cm":215141,"minecraft:jump":1115,"minecraft:walk_on_water_one_cm":15160,"minecraft:total_world_time":100975,"minecraft:fall_one_cm":25123},"minecraft:killed_by":{"minecraft:skeleton":2,"minecraft:creeper":2,"minecraft:spider":1},"minecraft:killed":{"minecraft:cave_spider":5,"minecraft:spider":1,"minecraft:skeleton":4,"minecraft:sheep":4,"minecraft:zombie":7},"minecraft:crafted":{"minecraft:oak_planks":120,"minecraft:diamond_sword":1,"minecraft:crafting_table":2,"minecraft:iron_helmet":1,"minecraft:wooden_pickaxe":1,"minecraft:stone_axe":1,"minecraft:air":0,"minecraft:flint_and_steel":3,"minecraft:oak_boat":2,"minecraft:iron_boots":1,"minecraft:iron_chestplate":1,"minecraft:diamond_pickaxe":1,"minecraft:iron_axe":1,"minecraft:stick":16,"minecraft:iron_ingot":70,"minecraft:iron_pickaxe":2,"minecraft:stone_pickaxe":3,"minecraft:wooden_axe":1,"minecraft:iron_leggings":1,"minecraft:iron_shovel":1,"minecraft:chest":5},"minecraft:mined":{"minecraft:deepslate_redstone_ore":12,"minecraft:tuff":3,"minecraft:glass_pane":19,"minecraft:white_bed":2,"minecraft:oak_sapling":12,"minecraft:mossy_cobblestone":4,"minecraft:deepslate_diamond_ore":5,"minecraft:oak_door":1,"minecraft:crafting_table":8,"minecraft:torch":5,"minecraft:granite":40,"minecraft:short_grass":152,"minecraft:grass_block":3,"minecraft:tall_grass":25,"minecraft:cobblestone":41,"minecraft:lapis_ore":2,"minecraft:cartography_table":1,"minecraft:oak_planks":9,"minecraft:diorite":3,"minecraft:wall_torch":5,"minecraft:spawner":2,"minecraft:oak_trapdoor":6,"minecraft:iron_ore":54,"minecraft:bell":1,"minecraft:stripped_oak_wood":1,"minecraft:andesite":1,"minecraft:yellow_bed":2,"minecraft:deepslate_lapis_ore":6,"minecraft:oak_stairs":2,"minecraft:oak_log":4,"minecraft:pointed_dripstone":2,"minecraft:coal_ore":91,"minecraft:deepslate_iron_ore":11,"minecraft:rail":137,"minecraft:gravel":23,"minecraft:sand":6,"minecraft:dirt":9,"minecraft:stripped_oak_log":1,"minecraft:cobweb":3,"minecraft:stone":210,"minecraft:oak_leaves":12,"minecraft:deepslate":13},"minecraft:picked_up":{"minecraft:stripped_oak_log":1,"minecraft:crafting_table":8,"minecraft:leather_leggings":1,"minecraft:wooden_pickaxe":1,"minecraft:oak_stairs":2,"minecraft:filled_map":1,"minecraft:flint":3,"minecraft:tuff":3,"minecraft:oak_log":82,"minecraft:yellow_bed":2,"minecraft:oak_trapdoor":6,"minecraft:lapis_lazuli":57,"minecraft:dirt":12,"minecraft:string":6,"minecraft:bone":2,"minecraft:apple":2,"minecraft:cartography_table":1,"minecraft:wheat_seeds":18,"minecraft:cobbled_deepslate":12,"minecraft:bell":2,"minecraft:iron_ingot":7,"minecraft:oak_boat":2,"minecraft:stripped_oak_wood":1,"minecraft:oak_planks":9,"minecraft:stick":18,"minecraft:raw_iron":64,"minecraft:oak_door":6,"minecraft:oak_pressure_plate":2,"minecraft:torch":34,"minecraft:gravel":20,"minecraft:sand":1,"minecraft:pointed_dripstone":7,"minecraft:diorite":2,"minecraft:white_bed":2,"minecraft:redstone":52,"minecraft:mossy_cobblestone":4,"minecraft:arrow":4,"minecraft:rotten_flesh":7,"minecraft:cooked_cod":3,"minecraft:diamond":5,"minecraft:granite":30,"minecraft:bread":64,"minecraft:oak_sapling":33,"minecraft:mutton":5,"minecraft:coal":91,"minecraft:white_wool":4,"minecraft:rail":137,"minecraft:cobblestone":247},"minecraft:used":{"minecraft:flint_and_steel":192,"minecraft:iron_shovel":23,"minecraft:stone_pickaxe":215,"minecraft:chest":5,"minecraft:wooden_pickaxe":34,"minecraft:bell":2,"minecraft:torch":25,"minecraft:dirt":2,"minecraft:crafting_table":9,"minecraft:white_bed":1,"minecraft:tuff":2,"minecraft:granite":27,"minecraft:oak_log":66,"minecraft:wooden_axe":12,"minecraft:apple":2,"minecraft:grass_block":1,"minecraft:iron_axe":22,"minecraft:bread":38,"minecraft:iron_pickaxe":401,"minecraft:gravel":20,"minecraft:diamond_sword":14,"minecraft:stone_axe":52,"minecraft:cobblestone":32,"minecraft:cooked_cod":3,"minecraft:oak_boat":4,"minecraft:iron_leggings":1}},"DataVersion":4082}