{"stats":{"minecraft:broken":{"minecraft:flint_and_steel":3,"minecraft:stone_pickaxe":1,"minecraft:iron_axe":1,"minecraft:iron_pickaxe":1},"minecraft:custom":{"minecraft:mob_kills":24,"minecraft:interact_with_crafting_table":20,"minecraft:bell_ring":9,"minecraft:leave_game":3,"minecraft:time_since_death":65858,"minecraft:sprint_one_cm":345398,"minecraft:walk_one_cm":386334,"minecraft:drop":54,"minecraft:play_time":145200,"minecraft:sneak_time":5503,"minecraft:deaths":6,"minecraft:walk_under_water_one_cm":14037,"minecraft:boat_one_cm":215141,"minecraft:jump":1585,"minecraft:walk_on_water_one_cm":35984,"minecraft:total_world_time":145200,"minecraft:interact_with_furnace":21,"minecraft:interact_with_cartography_table":1,"minecraft:sleep_in_bed":3,"minecraft:time_since_rest":27156,"minecraft:damage_taken":3830,"minecraft:damage_dealt":4411,"minecraft:swim_one_cm":12613,"minecraft:fly_one_cm":850903,"minecraft:open_chest":80,"minecraft:crouch_one_cm":13396,"minecraft:fall_one_cm":29995},"minecraft:dropped":{"minecraft:water_bucket":1,"minecraft:bread":32,"minecraft:wheat_seeds":15,"minecraft:lapis_lazuli":64,"minecraft:oak_pressure_plate":2,"minecraft:oak_log":1,"minecraft:granite":3,"minecraft:purple_dye":1,"minecraft:rail":143,"minecraft:grass_block":1,"minecraft:cod":3,"minecraft:emerald":5,"minecraft:oxeye_daisy":2,"minecraft:dirt":3,"minecraft:paper":16,"minecraft:string":9,"minecraft:redstone":243,"minecraft:bone":3,"minecraft:dandelion":2,"minecraft:stone_axe":1,"minecraft:detector_rail":1,"minecraft:tuff":1,"minecraft:name_tag":1,"minecraft:azure_bluet":1,"minecraft:filled_map":1,"minecraft:poppy":1,"minecraft:oak_sapling":7,"minecraft:leather_leggings":1,"minecraft:spider_eye":1,"minecraft:wooden_pickaxe":4,"minecraft:stone_pickaxe":1,"minecraft:raw_gold":22,"minecraft:bell":1,"minecraft:magma_block":2},"minecraft:killed_by":{"minecraft:creeper":2,"minecraft:spider":1,"minecraft:skeleton":2},"minecraft:killed":{"minecraft:cave_spider":5,"minecraft:spider":1,"minecraft:skeleton":4,"minecraft:horse":1,"minecraft:sheep":4,"minecraft:zombie":8},"minecraft:crafted":{"minecraft:oak_planks":120,"minecraft:purple_bed":1,"minecraft:flint_and_steel":3,"minecraft:iron_boots":1,"minecraft:iron_axe":1,"minecraft:stone_pickaxe":3,"minecraft:chest":5,"minecraft:red_dye":1,"minecraft:oak_slab":36,"minecraft:diamond_sword":1,"minecraft:crafting_table":2,"minecraft:iron_helmet":1,"minecraft:wooden_pickaxe":1,"minecraft:bucket":1,"minecraft:stone_axe":1,"minecraft:air":0,"minecraft:blue_dye":1,"minecraft:oak_boat":2,"minecraft:iron_chestplate":1,"minecraft:diamond_pickaxe":1,"minecraft:purple_dye":2,"minecraft:stick":32,"minecraft:iron_ingot":70,"minecraft:iron_pickaxe":2,"minecraft:wooden_axe":1,"minecraft:iron_shovel":1,"minecraft:iron_leggings":1,"minecraft:torch":64},"minecraft:mined":{"minecraft:tuff":3,"minecraft:white_bed":4,"minecraft:oak_sapling":12,"minecraft:mossy_cobblestone":4,"minecraft:deepslate_diamond_ore":5,"minecraft:oak_door":1,"minecraft:granite":40,"minecraft:grass_block":5,"minecraft:cartography_table":1,"minecraft:spawner":2,"minecraft:oak_trapdoor":6,"minecraft:iron_ore":54,"minecraft:andesite":1,"minecraft:deepslate_lapis_ore":6,"minecraft:bell":1,"minecraft:pointed_dripstone":2,"minecraft:deepslate_iron_ore":11,"minecraft:rail":137,"minecraft:oak_stairs":2,"minecraft:stripped_oak_log":1,"minecraft:stone":210,"minecraft:deepslate_redstone_ore":12,"minecraft:oak_slab":196,"minecraft:glass_pane":19,"minecraft:oak_fence":6,"minecraft:crafting_table":9,"minecraft:cornflower":1,"minecraft:torch":5,"minecraft:short_grass":296,"minecraft:chest":3,"minecraft:tall_grass":46,"minecraft:cobblestone":41,"minecraft:lapis_ore":2,"minecraft:oak_planks":9,"minecraft:diorite":3,"minecraft:wall_torch":5,"minecraft:stripped_oak_wood":3,"minecraft:yellow_bed":2,"minecraft:oak_log":4,"minecraft:coal_ore":91,"minecraft:gravel":23,"minecraft:sand":70,"minecraft:dirt":10,"minecraft:cobweb":3,"minecraft:oak_leaves":12,"minecraft:deepslate":13},"minecraft:picked_up":{"minecraft:crafting_table":8,"minecraft:azure_bluet":5,"minecraft:leather_leggings":1,"minecraft:wooden_pickaxe":3,"minecraft:oak_stairs":16,"minecraft:cornflower":2,"minecraft:string":22,"minecraft:oak_trapdoor":6,"minecraft:cooked_salmon":2,"minecraft:cobbled_deepslate":250,"minecraft:smooth_stone":1,"minecraft:cartography_table":1,"minecraft:detector_rail":2,"minecraft:oak_boat":3,"minecraft:iron_nugget":1,"minecraft:poppy":2,"minecraft:chest":3,"minecraft:stick":18,"minecraft:raw_iron":64,"minecraft:oak_door":10,"minecraft:oak_fence":6,"minecraft:torch":46,"minecraft:pointed_dripstone":32,"minecraft:diorite":2,"minecraft:redstone":495,"minecraft:prismarine_crystals":6,"minecraft:arrow":8,"minecraft:rotten_flesh":13,"minecraft:cooked_cod":3,"minecraft:saddle":1,"minecraft:gold_ingot":1,"minecraft:mutton":5,"minecraft:cod":6,"minecraft:rail":374,"minecraft:white_wool":8,"minecraft:cobblestone":458,"minecraft:oxeye_daisy":2,"minecraft:stripped_oak_log":2,"minecraft:magma_block":4,"minecraft:water_bucket":1,"minecraft:andesite":2,"minecraft:leather":2,"minecraft:potato":11,"minecraft:filled_map":1,"minecraft:flint":8,"minecraft:tuff":7,"minecraft:oak_log":89,"minecraft:yellow_bed":2,"minecraft:paper":32,"minecraft:lapis_lazuli":288,"minecraft:dirt":83,"minecraft:name_tag":2,"minecraft:bone":8,"minecraft:apple":13,"minecraft:wheat_seeds":72,"minecraft:raw_gold":44,"minecraft:bell":2,"minecraft:heart_of_the_sea":1,"minecraft:iron_ingot":29,"minecraft:stripped_oak_wood":3,"minecraft:oak_planks":81,"minecraft:oak_slab":203,"minecraft:dandelion":18,"minecraft:oak_pressure_plate":2,"minecraft:gravel":20,"minecraft:sand":74,"minecraft:white_bed":4,"minecraft:spider_eye":2,"minecraft:mossy_cobblestone":12,"minecraft:diamond":5,"minecraft:granite":34,"minecraft:emerald":10,"minecraft:bread":153,"minecraft:oak_sapling":35,"minecraft:coal":91},"minecraft:used":{"minecraft:iron_shovel":87,"minecraft:flint_and_steel":192,"minecraft:chest":8,"minecraft:bell":2,"minecraft:torch":139,"minecraft:dirt":428,"minecraft:tuff":2,"minecraft:granite":27,"minecraft:obsidian":14,"minecraft:wooden_axe":12,"minecraft:iron_axe":232,"minecraft:grass_block":1,"minecraft:cooked_cod":3,"minecraft:iron_leggings":1,"minecraft:water_bucket":66,"minecraft:stone_pickaxe":215,"minecraft:wooden_pickaxe":34,"minecraft:sand":64,"minecraft:oak_slab":209,"minecraft:crafting_table":9,"minecraft:white_bed":2,"minecraft:oak_log":72,"minecraft:apple":2,"minecraft:bread":45,"minecraft:iron_pickaxe":401,"minecraft:gravel":20,"minecraft:stone_axe":52,"minecraft:diamond_sword":18,"minecraft:purple_bed":1,"minecraft:cobblestone":32,"minecraft:end_crystal":30,"minecraft:bucket":67,"minecraft:oak_boat":4}},"DataVersion":4082}