{"stats":{"minecraft:broken":{"minecraft:stone_pickaxe":1},"minecraft:dropped":{"minecraft:wheat_seeds":7},"minecraft:custom":{"minecraft:time_since_rest":41666,"minecraft:sprint_one_cm":68678,"minecraft:damage_taken":170,"minecraft:walk_one_cm":81217,"minecraft:mob_kills":4,"minecraft:drop":4,"minecraft:damage_dealt":320,"minecraft:interact_with_cartography_table":1,"minecraft:interact_with_crafting_table":8,"minecraft:swim_one_cm":2349,"minecraft:fly_one_cm":199115,"minecraft:open_chest":7,"minecraft:crouch_one_cm":590,"minecraft:play_time":41666,"minecraft:sneak_time":524,"minecraft:walk_under_water_one_cm":2154,"minecraft:boat_one_cm":215141,"minecraft:jump":380,"minecraft:time_since_death":41666,"minecraft:walk_on_water_one_cm":1861,"minecraft:total_world_time":41666,"minecraft:fall_one_cm":7571},"minecraft:crafted":{"minecraft:oak_boat":2,"minecraft:oak_planks":116,"minecraft:crafting_table":1,"minecraft:stick":8,"minecraft:wooden_pickaxe":1,"minecraft:stone_pickaxe":3,"minecraft:wooden_axe":1,"minecraft:chest":2,"minecraft:stone_axe":1},"minecraft:mined":{"minecraft:white_bed":1,"minecraft:oak_sapling":7,"minecraft:crafting_table":5,"minecraft:granite":15,"minecraft:short_grass":102,"minecraft:grass_block":3,"minecraft:oak_log":4,"minecraft:dirt":9,"minecraft:sand":6,"minecraft:stripped_oak_log":1,"minecraft:tall_grass":21,"minecraft:stone":170,"minecraft:diorite":2,"minecraft:oak_leaves":12},"minecraft:killed":{"minecraft:sheep":4},"minecraft:picked_up":{"minecraft:stripped_oak_log":1,"minecraft:stick":18,"minecraft:crafting_table":5,"minecraft:leather_leggings":1,"minecraft:torch":1,"minecraft:filled_map":1,"minecraft:sand":1,"minecraft:oak_log":60,"minecraft:diorite":2,"minecraft:white_bed":1,"minecraft:dirt":12,"minecraft:cooked_cod":3,"minecraft:apple":2,"minecraft:wheat_seeds":15,"minecraft:granite":14,"minecraft:iron_ingot":7,"minecraft:oak_boat":2,"minecraft:bread":64,"minecraft:oak_sapling":26,"minecraft:mutton":5,"minecraft:white_wool":4,"minecraft:cobblestone":169},"minecraft:used":{"minecraft:wooden_axe":12,"minecraft:apple":2,"minecraft:bread":1,"minecraft:stone_pickaxe":154,"minecraft:chest":2,"minecraft:wooden_pickaxe":34,"minecraft:stone_axe":5,"minecraft:crafting_table":6,"minecraft:cooked_cod":3,"minecraft:white_bed":1,"minecraft:oak_boat":4}},"DataVersion":4082}