{"stats":{"minecraft:dropped":{"minecraft:wheat_seeds":7},"minecraft:custom":{"minecraft:time_since_rest":29666,"minecraft:sprint_one_cm":48649,"minecraft:damage_taken":150,"minecraft:walk_one_cm":58668,"minecraft:mob_kills":4,"minecraft:drop":4,"minecraft:damage_dealt":320,"minecraft:interact_with_crafting_table":6,"minecraft:swim_one_cm":2349,"minecraft:fly_one_cm":106180,"minecraft:open_chest":5,"minecraft:crouch_one_cm":582,"minecraft:play_time":29666,"minecraft:sneak_time":363,"minecraft:walk_under_water_one_cm":2154,"minecraft:boat_one_cm":215141,"minecraft:jump":316,"minecraft:time_since_death":29666,"minecraft:walk_on_water_one_cm":1861,"minecraft:total_world_time":29666,"minecraft:fall_one_cm":6944},"minecraft:mined":{"minecraft:oak_sapling":1,"minecraft:crafting_table":4,"minecraft:short_grass":48,"minecraft:oak_log":4,"minecraft:sand":6,"minecraft:tall_grass":10,"minecraft:stone":148,"minecraft:oak_leaves":7},"minecraft:crafted":{"minecraft:oak_boat":2,"minecraft:oak_planks":112,"minecraft:crafting_table":1,"minecraft:stick":8,"minecraft:wooden_pickaxe":1,"minecraft:stone_pickaxe":1,"minecraft:wooden_axe":1,"minecraft:stone_axe":1},"minecraft:killed":{"minecraft:sheep":4},"minecraft:picked_up":{"minecraft:stick":12,"minecraft:crafting_table":4,"minecraft:filled_map":1,"minecraft:sand":1,"minecraft:oak_log":28,"minecraft:cooked_cod":3,"minecraft:apple":2,"minecraft:wheat_seeds":7,"minecraft:iron_ingot":7,"minecraft:oak_boat":2,"minecraft:oak_sapling":19,"minecraft:mutton":5,"minecraft:white_wool":4,"minecraft:cobblestone":148},"minecraft:used":{"minecraft:wooden_axe":11,"minecraft:apple":2,"minecraft:stone_pickaxe":114,"minecraft:wooden_pickaxe":34,"minecraft:crafting_table":4,"minecraft:cooked_cod":2,"minecraft:oak_boat":4}},"DataVersion":4082}