{"stats":{"minecraft:broken":{"minecraft:stone_pickaxe":1,"minecraft:iron_pickaxe":1,"minecraft:flint_and_steel":1},"minecraft:dropped":{"minecraft:stone_axe":1,"minecraft:wheat_seeds":9,"minecraft:tuff":1,"minecraft:granite":1,"minecraft:filled_map":1,"minecraft:oak_sapling":4,"minecraft:leather_leggings":1,"minecraft:stone_pickaxe":1,"minecraft:wooden_pickaxe":2,"minecraft:string":1},"minecraft:custom":{"minecraft:interact_with_furnace":17,"minecraft:mob_kills":22,"minecraft:interact_with_crafting_table":18,"minecraft:interact_with_cartography_table":1,"minecraft:leave_game":2,"minecraft:time_since_death":9633,"minecraft:sleep_in_bed":1,"minecraft:time_since_rest":9658,"minecraft:sprint_one_cm":203639,"minecraft:damage_taken":3708,"minecraft:walk_one_cm":213627,"minecraft:drop":16,"minecraft:damage_dealt":4044,"minecraft:swim_one_cm":12613,"minecraft:fly_one_cm":461344,"minecraft:open_chest":37,"minecraft:crouch_one_cm":7130,"minecraft:play_time":88975,"minecraft:sneak_time":3342,"minecraft:deaths":6,"minecraft:walk_under_water_one_cm":13852,"minecraft:boat_one_cm":215141,"minecraft:jump":1027,"minecraft:walk_on_water_one_cm":14623,"minecraft:total_world_time":88975,"minecraft:fall_one_cm":24078},"minecraft:killed_by":{"minecraft:skeleton":2,"minecraft:creeper":2,"minecraft:spider":1},"minecraft:killed":{"minecraft:cave_spider":5,"minecraft:spider":1,"minecraft:skeleton":4,"minecraft:sheep":4,"minecraft:zombie":7},"minecraft:crafted":{"minecraft:oak_planks":120,"minecraft:diamond_sword":1,"minecraft:crafting_table":2,"minecraft:iron_helmet":1,"minecraft:wooden_pickaxe":1,"minecraft:stone_axe":1,"minecraft:air":0,"minecraft:flint_and_steel":1,"minecraft:oak_boat":2,"minecraft:iron_boots":1,"minecraft:iron_chestplate":1,"minecraft:diamond_pickaxe":1,"minecraft:iron_axe":1,"minecraft:stick":16,"minecraft:iron_ingot":34,"minecraft:iron_pickaxe":2,"minecraft:stone_pickaxe":3,"minecraft:wooden_axe":1,"minecraft:iron_leggings":1,"minecraft:iron_shovel":1,"minecraft:chest":5},"minecraft:mined":{"minecraft:deepslate_redstone_ore":12,"minecraft:tuff":3,"minecraft:glass_pane":3,"minecraft:white_bed":2,"minecraft:oak_sapling":12,"minecraft:mossy_cobblestone":4,"minecraft:deepslate_diamond_ore":5,"minecraft:crafting_table":8,"minecraft:granite":40,"minecraft:short_grass":118,"minecraft:grass_block":3,"minecraft:tall_grass":23,"minecraft:cobblestone":37,"minecraft:lapis_ore":2,"minecraft:cartography_table":1,"minecraft:oak_planks":9,"minecraft:diorite":3,"minecraft:wall_torch":5,"minecraft:spawner":2,"minecraft:iron_ore":54,"minecraft:andesite":1,"minecraft:yellow_bed":1,"minecraft:deepslate_lapis_ore":6,"minecraft:oak_stairs":2,"minecraft:oak_log":4,"minecraft:pointed_dripstone":2,"minecraft:coal_ore":91,"minecraft:deepslate_iron_ore":11,"minecraft:rail":137,"minecraft:gravel":19,"minecraft:sand":6,"minecraft:dirt":9,"minecraft:stripped_oak_log":1,"minecraft:cobweb":3,"minecraft:stone":210,"minecraft:oak_leaves":12,"minecraft:deepslate":13},"minecraft:picked_up":{"minecraft:stripped_oak_log":1,"minecraft:crafting_table":8,"minecraft:leather_leggings":1,"minecraft:wooden_pickaxe":1,"minecraft:oak_stairs":2,"minecraft:filled_map":1,"minecraft:flint":3,"minecraft:tuff":3,"minecraft:oak_log":82,"minecraft:yellow_bed":1,"minecraft:lapis_lazuli":57,"minecraft:dirt":12,"minecraft:string":6,"minecraft:bone":2,"minecraft:apple":2,"minecraft:cartography_table":1,"minecraft:wheat_seeds":15,"minecraft:cobbled_deepslate":12,"minecraft:iron_ingot":7,"minecraft:oak_boat":2,"minecraft:oak_planks":9,"minecraft:stick":18,"minecraft:raw_iron":64,"minecraft:oak_door":1,"minecraft:torch":8,"minecraft:gravel":16,"minecraft:sand":1,"minecraft:pointed_dripstone":7,"minecraft:diorite":2,"minecraft:white_bed":2,"minecraft:redstone":52,"minecraft:mossy_cobblestone":4,"minecraft:arrow":4,"minecraft:rotten_flesh":7,"minecraft:cooked_cod":3,"minecraft:diamond":5,"minecraft:granite":30,"minecraft:bread":64,"minecraft:oak_sapling":33,"minecraft:mutton":5,"minecraft:coal":91,"minecraft:white_wool":4,"minecraft:rail":137,"minecraft:cobblestone":245},"minecraft:used":{"minecraft:flint_and_steel":64,"minecraft:iron_shovel":19,"minecraft:stone_pickaxe":215,"minecraft:chest":5,"minecraft:wooden_pickaxe":34,"minecraft:torch":5,"minecraft:crafting_table":9,"minecraft:white_bed":1,"minecraft:tuff":2,"minecraft:granite":27,"minecraft:wooden_axe":12,"minecraft:apple":2,"minecraft:iron_axe":14,"minecraft:bread":36,"minecraft:iron_pickaxe":395,"minecraft:gravel":17,"minecraft:diamond_sword":13,"minecraft:stone_axe":52,"minecraft:cobblestone":32,"minecraft:cooked_cod":3,"minecraft:oak_boat":4,"minecraft:iron_leggings":1}},"DataVersion":4082}