{"stats":{"minecraft:custom":{"minecraft:mob_kills":110,"minecraft:interact_with_crafting_table":49,"minecraft:open_barrel":15,"minecraft:leave_game":1,"minecraft:time_since_death":72526,"minecraft:sprint_one_cm":350657,"minecraft:walk_one_cm":635918,"minecraft:damage_blocked_by_shield":330,"minecraft:drop":67,"minecraft:talked_to_villager":4,"minecraft:play_time":178046,"minecraft:deaths":8,"minecraft:sneak_time":6462,"minecraft:walk_under_water_one_cm":3881,"minecraft:boat_one_cm":169352,"minecraft:jump":2685,"minecraft:walk_on_water_one_cm":9920,"minecraft:total_world_time":178046,"minecraft:interact_with_furnace":40,"minecraft:sleep_in_bed":4,"minecraft:time_since_rest":32476,"minecraft:damage_taken":4199,"minecraft:damage_dealt":11130,"minecraft:swim_one_cm":36610,"minecraft:fly_one_cm":495144,"minecraft:open_chest":46,"minecraft:crouch_one_cm":24142,"minecraft:fall_one_cm":75773,"minecraft:horse_one_cm":3},"minecraft:used":{"minecraft:oak_fence":68,"minecraft:stone_sword":109,"minecraft:iron_shovel":1007,"minecraft:chest":2,"minecraft:shield":5,"minecraft:iron_sword":38,"minecraft:stone_hoe":23,"minecraft:cooked_chicken":14,"minecraft:oak_door":1,"minecraft:torch":9,"minecraft:dirt":1686,"minecraft:mutton":3,"minecraft:granite":4,"minecraft:azure_bluet":1,"minecraft:oak_fence_gate":5,"minecraft:wooden_axe":37,"minecraft:iron_axe":12,"minecraft:oak_stairs":3,"minecraft:barrel":2,"minecraft:furnace":5,"minecraft:egg":6,"minecraft:cooked_beef":17,"minecraft:wheat_seeds":21,"minecraft:water_bucket":2,"minecraft:stone_pickaxe":477,"minecraft:oak_planks":3,"minecraft:wooden_pickaxe":37,"minecraft:crafting_table":10,"minecraft:white_bed":3,"minecraft:cornflower":1,"minecraft:diamond_pickaxe":69,"minecraft:oxeye_daisy":1,"minecraft:diamond_shovel":691,"minecraft:iron_pickaxe":251,"minecraft:stone_axe":245,"minecraft:cobblestone":13,"minecraft:purple_bed":2,"minecraft:porkchop":3,"minecraft:bucket":1,"minecraft:andesite":7,"minecraft:oak_boat":6},"minecraft:picked_up":{"minecraft:lingering_potion":19,"minecraft:iron_chestplate":1,"minecraft:crafting_table":9,"minecraft:wheat":13,"minecraft:azure_bluet":1,"minecraft:chicken":18,"minecraft:wooden_pickaxe":1,"minecraft:oak_stairs":4,"minecraft:shield":1,"minecraft:oak_trapdoor":1,"minecraft:cornflower":4,"minecraft:raw_copper":14,"minecraft:string":114,"minecraft:iron_leggings":1,"minecraft:cobbled_deepslate":10,"minecraft:bucket":1,"minecraft:beef":28,"minecraft:oak_boat":11,"minecraft:poppy":4,"minecraft:iron_pickaxe":2,"minecraft:light_gray_wool":2,"minecraft:chest":1,"minecraft:sugar_cane":15,"minecraft:birch_sapling":1,"minecraft:iron_boots":1,"minecraft:egg":8,"minecraft:furnace":4,"minecraft:stick":14,"minecraft:raw_iron":49,"minecraft:oak_door":5,"minecraft:oak_fence":60,"minecraft:torch":28,"minecraft:porkchop":33,"minecraft:diorite":96,"minecraft:redstone":36,"minecraft:stone_sword":2,"minecraft:arrow":9,"minecraft:rotten_flesh":27,"minecraft:mutton":66,"minecraft:white_wool":59,"minecraft:rail":175,"minecraft:cobblestone":996,"minecraft:oxeye_daisy":2,"minecraft:purple_dye":1,"minecraft:feather":27,"minecraft:cooked_beef":36,"minecraft:water_bucket":1,"minecraft:andesite":127,"minecraft:leather":32,"minecraft:flint":4,"minecraft:oak_log":46,"minecraft:yellow_bed":2,"minecraft:gunpowder":4,"minecraft:dirt":1804,"minecraft:bone":18,"minecraft:apple":1,"minecraft:wheat_seeds":109,"minecraft:raw_gold":12,"minecraft:iron_ingot":3,"minecraft:oak_fence_gate":1,"minecraft:cooked_chicken":8,"minecraft:stone_hoe":1,"minecraft:iron_sword":1,"minecraft:oak_planks":123,"minecraft:pumpkin":10,"minecraft:dandelion":2,"minecraft:gravel":21,"minecraft:white_bed":3,"minecraft:spruce_log":1,"minecraft:dark_oak_log":36,"minecraft:barrel":3,"minecraft:mossy_cobblestone":7,"minecraft:dispenser":6,"minecraft:purple_bed":1,"minecraft:diamond":10,"minecraft:stone_axe":4,"minecraft:granite":40,"minecraft:bone_meal":3,"minecraft:gray_wool":1,"minecraft:black_wool":6,"minecraft:coal":199,"minecraft:hopper":2},"minecraft:killed":{"minecraft:cave_spider":4,"minecraft:spider":2,"minecraft:skeleton":4,"minecraft:horse":1,"minecraft:chicken":18,"minecraft:pig":13,"minecraft:bat":1,"minecraft:sheep":42,"minecraft:zombie":12,"minecraft:cow":13},"minecraft:dropped":{"minecraft:iron_ingot":1,"minecraft:wheat_seeds":8,"minecraft:cooked_beef":8,"minecraft:mossy_cobblestone":7,"minecraft:oak_fence":6,"minecraft:cobblestone":134,"minecraft:flint":4,"minecraft:oxeye_daisy":1,"minecraft:torch":5,"minecraft:dispenser":2,"minecraft:mutton":2,"minecraft:oak_stairs":1,"minecraft:gravel":11,"minecraft:stone_axe":2,"minecraft:stone_sword":1,"minecraft:raw_copper":7,"minecraft:birch_sapling":1,"minecraft:raw_iron":3,"minecraft:cooked_mutton":27,"minecraft:lingering_potion":1,"minecraft:oak_boat":2,"minecraft:barrel":1,"minecraft:wooden_pickaxe":1},"minecraft:mined":{"minecraft:white_bed":3,"minecraft:deepslate_diamond_ore":2,"minecraft:mossy_cobblestone":7,"minecraft:dark_oak_leaves":1,"minecraft:oak_door":3,"minecraft:sculk_vein":1,"minecraft:dark_oak_log":36,"minecraft:granite":13,"minecraft:grass_block":705,"minecraft:oxeye_daisy":5,"minecraft:spawner":2,"minecraft:oak_trapdoor":2,"minecraft:furnace":3,"minecraft:iron_ore":35,"minecraft:barrel":1,"minecraft:andesite":37,"minecraft:pumpkin":5,"minecraft:azure_bluet":3,"minecraft:deepslate_iron_ore":1,"minecraft:rail":43,"minecraft:oak_stairs":4,"minecraft:stone":524,"minecraft:deepslate_redstone_ore":4,"minecraft:glass_pane":7,"minecraft:dandelion":3,"minecraft:oak_fence":33,"minecraft:crafting_table":7,"minecraft:cornflower":4,"minecraft:torch":6,"minecraft:short_grass":434,"minecraft:poppy":4,"minecraft:chest":1,"minecraft:copper_ore":2,"minecraft:tall_grass":99,"minecraft:cobblestone":30,"minecraft:deepslate_gold_ore":6,"minecraft:sugar_cane":4,"minecraft:oak_planks":79,"minecraft:sculk":3,"minecraft:diorite":24,"minecraft:wall_torch":4,"minecraft:purple_bed":1,"minecraft:wheat":5,"minecraft:birch_leaves":2,"minecraft:yellow_bed":1,"minecraft:oak_log":47,"minecraft:coal_ore":76,"minecraft:oak_fence_gate":1,"minecraft:dirt":1024,"minecraft:gravel":16,"minecraft:cobweb":29,"minecraft:oak_leaves":30,"minecraft:deepslate":5},"minecraft:crafted":{"minecraft:oak_planks":184,"minecraft:purple_bed":1,"minecraft:cooked_chicken":14,"minecraft:furnace":2,"minecraft:diamond_shovel":1,"minecraft:cooked_mutton":40,"minecraft:iron_boots":1,"minecraft:iron_axe":1,"minecraft:stone_pickaxe":7,"minecraft:chest":1,"minecraft:dark_oak_planks":144,"minecraft:stone_hoe":1,"minecraft:oak_fence":48,"minecraft:cooked_beef":28,"minecraft:red_dye":1,"minecraft:cooked_porkchop":30,"minecraft:crafting_table":5,"minecraft:wooden_pickaxe":2,"minecraft:iron_sword":1,"minecraft:stone_axe":4,"minecraft:air":0,"minecraft:blue_dye":1,"minecraft:oak_fence_gate":4,"minecraft:oak_boat":1,"minecraft:iron_chestplate":1,"minecraft:diamond_pickaxe":1,"minecraft:purple_dye":2,"minecraft:shield":1,"minecraft:stick":120,"minecraft:iron_ingot":32,"minecraft:iron_pickaxe":1,"minecraft:wooden_axe":1,"minecraft:stone_sword":2,"minecraft:iron_shovel":4,"minecraft:iron_leggings":1,"minecraft:white_bed":1},"minecraft:killed_by":{"minecraft:creeper":1,"minecraft:skeleton":4,"minecraft:witch":1},"minecraft:broken":{"minecraft:iron_shovel":4,"minecraft:stone_pickaxe":3,"minecraft:stone_axe":1,"minecraft:iron_pickaxe":1,"minecraft:wooden_axe":1}},"DataVersion":4082}