{"stats":{"minecraft:broken":{"minecraft:stone_pickaxe":1,"minecraft:iron_pickaxe":1},"minecraft:dropped":{"minecraft:wheat_seeds":9,"minecraft:tuff":1,"minecraft:granite":1,"minecraft:wooden_pickaxe":1,"minecraft:string":1},"minecraft:custom":{"minecraft:mob_kills":22,"minecraft:interact_with_crafting_table":14,"minecraft:interact_with_cartography_table":1,"minecraft:leave_game":2,"minecraft:time_since_death":25037,"minecraft:sleep_in_bed":1,"minecraft:time_since_rest":25064,"minecraft:sprint_one_cm":180012,"minecraft:damage_taken":3221,"minecraft:walk_one_cm":172838,"minecraft:drop":9,"minecraft:damage_dealt":4044,"minecraft:swim_one_cm":12613,"minecraft:fly_one_cm":351742,"minecraft:open_chest":7,"minecraft:crouch_one_cm":5677,"minecraft:play_time":76975,"minecraft:sneak_time":2668,"minecraft:deaths":5,"minecraft:walk_under_water_one_cm":8472,"minecraft:boat_one_cm":215141,"minecraft:jump":968,"minecraft:walk_on_water_one_cm":13838,"minecraft:total_world_time":76975,"minecraft:fall_one_cm":22613},"minecraft:killed_by":{"minecraft:skeleton":1,"minecraft:creeper":2,"minecraft:spider":1},"minecraft:killed":{"minecraft:cave_spider":5,"minecraft:spider":1,"minecraft:skeleton":4,"minecraft:sheep":4,"minecraft:zombie":7},"minecraft:crafted":{"minecraft:oak_planks":116,"minecraft:diamond_sword":1,"minecraft:crafting_table":2,"minecraft:wooden_pickaxe":1,"minecraft:stone_axe":1,"minecraft:oak_boat":2,"minecraft:diamond_pickaxe":1,"minecraft:stick":8,"minecraft:iron_pickaxe":2,"minecraft:stone_pickaxe":3,"minecraft:wooden_axe":1,"minecraft:chest":2},"minecraft:mined":{"minecraft:deepslate_redstone_ore":12,"minecraft:tuff":3,"minecraft:white_bed":1,"minecraft:oak_sapling":7,"minecraft:deepslate_diamond_ore":5,"minecraft:crafting_table":8,"minecraft:granite":38,"minecraft:short_grass":102,"minecraft:grass_block":3,"minecraft:tall_grass":21,"minecraft:cobblestone":4,"minecraft:lapis_ore":2,"minecraft:diorite":3,"minecraft:wall_torch":5,"minecraft:spawner":2,"minecraft:iron_ore":50,"minecraft:andesite":1,"minecraft:deepslate_lapis_ore":6,"minecraft:oak_log":4,"minecraft:pointed_dripstone":2,"minecraft:coal_ore":91,"minecraft:deepslate_iron_ore":11,"minecraft:rail":95,"minecraft:gravel":3,"minecraft:sand":6,"minecraft:dirt":9,"minecraft:stripped_oak_log":1,"minecraft:cobweb":3,"minecraft:stone":207,"minecraft:oak_leaves":12,"minecraft:deepslate":13},"minecraft:picked_up":{"minecraft:stripped_oak_log":1,"minecraft:crafting_table":8,"minecraft:leather_leggings":1,"minecraft:wooden_pickaxe":1,"minecraft:filled_map":1,"minecraft:flint":1,"minecraft:tuff":3,"minecraft:oak_log":60,"minecraft:lapis_lazuli":57,"minecraft:dirt":12,"minecraft:string":6,"minecraft:bone":2,"minecraft:apple":2,"minecraft:wheat_seeds":15,"minecraft:cobbled_deepslate":12,"minecraft:iron_ingot":7,"minecraft:oak_boat":2,"minecraft:stick":18,"minecraft:raw_iron":56,"minecraft:torch":6,"minecraft:gravel":2,"minecraft:sand":1,"minecraft:pointed_dripstone":7,"minecraft:diorite":2,"minecraft:white_bed":1,"minecraft:redstone":52,"minecraft:arrow":4,"minecraft:rotten_flesh":7,"minecraft:cooked_cod":3,"minecraft:diamond":5,"minecraft:granite":28,"minecraft:bread":64,"minecraft:oak_sapling":26,"minecraft:mutton":5,"minecraft:coal":91,"minecraft:white_wool":4,"minecraft:rail":92,"minecraft:cobblestone":209},"minecraft:used":{"minecraft:stone_pickaxe":215,"minecraft:chest":2,"minecraft:wooden_pickaxe":34,"minecraft:torch":4,"minecraft:crafting_table":9,"minecraft:white_bed":1,"minecraft:tuff":2,"minecraft:granite":27,"minecraft:wooden_axe":12,"minecraft:apple":2,"minecraft:bread":31,"minecraft:iron_pickaxe":301,"minecraft:diamond_sword":13,"minecraft:stone_axe":52,"minecraft:cobblestone":26,"minecraft:cooked_cod":3,"minecraft:oak_boat":4}},"DataVersion":4082}