{"stats":{"minecraft:broken":{"minecraft:stone_pickaxe":1},"minecraft:dropped":{"minecraft:wheat_seeds":7,"minecraft:granite":1},"minecraft:custom":{"minecraft:mob_kills":6,"minecraft:interact_with_cartography_table":1,"minecraft:interact_with_crafting_table":8,"minecraft:leave_game":1,"minecraft:time_since_death":1177,"minecraft:sleep_in_bed":1,"minecraft:time_since_rest":1204,"minecraft:sprint_one_cm":89628,"minecraft:damage_taken":2000,"minecraft:walk_one_cm":95060,"minecraft:drop":5,"minecraft:damage_dealt":855,"minecraft:swim_one_cm":11813,"minecraft:fly_one_cm":289862,"minecraft:open_chest":7,"minecraft:crouch_one_cm":3758,"minecraft:play_time":53115,"minecraft:deaths":5,"minecraft:sneak_time":2020,"minecraft:walk_under_water_one_cm":7527,"minecraft:boat_one_cm":215141,"minecraft:jump":539,"minecraft:walk_on_water_one_cm":10309,"minecraft:total_world_time":53115,"minecraft:fall_one_cm":16635},"minecraft:killed_by":{"minecraft:skeleton":1,"minecraft:creeper":2,"minecraft:spider":1},"minecraft:killed":{"minecraft:spider":1,"minecraft:sheep":4},"minecraft:mined":{"minecraft:white_bed":1,"minecraft:oak_sapling":7,"minecraft:crafting_table":5,"minecraft:granite":38,"minecraft:short_grass":102,"minecraft:grass_block":3,"minecraft:tall_grass":21,"minecraft:diorite":2,"minecraft:wall_torch":1,"minecraft:andesite":1,"minecraft:pointed_dripstone":2,"minecraft:coal_ore":18,"minecraft:oak_log":4,"minecraft:deepslate_iron_ore":1,"minecraft:dirt":9,"minecraft:gravel":3,"minecraft:sand":6,"minecraft:stripped_oak_log":1,"minecraft:stone":182,"minecraft:oak_leaves":12},"minecraft:crafted":{"minecraft:oak_planks":116,"minecraft:crafting_table":1,"minecraft:wooden_pickaxe":1,"minecraft:stone_axe":1,"minecraft:oak_boat":2,"minecraft:stick":8,"minecraft:stone_pickaxe":3,"minecraft:wooden_axe":1,"minecraft:chest":2},"minecraft:picked_up":{"minecraft:stripped_oak_log":1,"minecraft:crafting_table":5,"minecraft:leather_leggings":1,"minecraft:filled_map":1,"minecraft:flint":1,"minecraft:oak_log":60,"minecraft:dirt":12,"minecraft:apple":2,"minecraft:wheat_seeds":15,"minecraft:iron_ingot":7,"minecraft:oak_boat":2,"minecraft:stick":18,"minecraft:torch":2,"minecraft:gravel":2,"minecraft:sand":1,"minecraft:pointed_dripstone":7,"minecraft:diorite":2,"minecraft:white_bed":1,"minecraft:rotten_flesh":2,"minecraft:cooked_cod":3,"minecraft:granite":28,"minecraft:bread":64,"minecraft:oak_sapling":26,"minecraft:mutton":5,"minecraft:coal":18,"minecraft:white_wool":4,"minecraft:cobblestone":181},"minecraft:used":{"minecraft:stone_pickaxe":214,"minecraft:chest":2,"minecraft:wooden_pickaxe":34,"minecraft:torch":1,"minecraft:crafting_table":6,"minecraft:white_bed":1,"minecraft:granite":27,"minecraft:wooden_axe":12,"minecraft:apple":2,"minecraft:bread":3,"minecraft:stone_axe":11,"minecraft:cooked_cod":3,"minecraft:oak_boat":4}},"DataVersion":4082}