{"stats":{"minecraft:used":{"minecraft:stone_sword":59,"minecraft:iron_shovel":870,"minecraft:bell":4,"minecraft:stone_hoe":112,"minecraft:dirt":419,"minecraft:mutton":2,"minecraft:iron_axe":250,"minecraft:oak_sapling":6,"minecraft:furnace":1,"minecraft:water_bucket":7,"minecraft:stone_pickaxe":132,"minecraft:wooden_pickaxe":20,"minecraft:fletching_table":2,"minecraft:sugar_cane":36,"minecraft:crafting_table":4,"minecraft:wooden_hoe":30,"minecraft:chicken":1,"minecraft:bread":23,"minecraft:oak_button":1,"minecraft:iron_pickaxe":41,"minecraft:spruce_sapling":29,"minecraft:stone_axe":607,"minecraft:cobblestone":24,"minecraft:cooked_porkchop":6,"minecraft:smithing_table":1,"minecraft:bucket":8,"minecraft:yellow_bed":1,"minecraft:oak_boat":4,"minecraft:bone_meal":26},"minecraft:custom":{"minecraft:mob_kills":23,"minecraft:interact_with_crafting_table":22,"minecraft:open_barrel":3,"minecraft:bell_ring":8,"minecraft:time_since_death":57133,"minecraft:sprint_one_cm":343718,"minecraft:walk_one_cm":142857,"minecraft:drop":57,"minecraft:talked_to_villager":31,"minecraft:play_time":149476,"minecraft:deaths":2,"minecraft:sneak_time":29987,"minecraft:walk_under_water_one_cm":688,"minecraft:boat_one_cm":17541,"minecraft:jump":2136,"minecraft:walk_on_water_one_cm":3485,"minecraft:total_world_time":149476,"minecraft:interact_with_furnace":13,"minecraft:traded_with_villager":168,"minecraft:sleep_in_bed":3,"minecraft:time_since_rest":7185,"minecraft:damage_taken":1245,"minecraft:damage_dealt":3955,"minecraft:swim_one_cm":4259,"minecraft:fly_one_cm":461411,"minecraft:open_chest":51,"minecraft:crouch_one_cm":99874,"minecraft:interact_with_smoker":1,"minecraft:fall_one_cm":49521},"minecraft:picked_up":{"minecraft:lingering_potion":1,"minecraft:crafting_table":2,"minecraft:wheat":12,"minecraft:azure_bluet":1,"minecraft:chicken":2,"minecraft:yellow_wool":11,"minecraft:oak_stairs":136,"minecraft:brewing_stand":1,"minecraft:oak_trapdoor":1,"minecraft:iron_shovel":3,"minecraft:oak_boat":5,"minecraft:sugar_cane":38,"minecraft:furnace":2,"minecraft:egg":4,"minecraft:raw_iron":16,"minecraft:stick":55,"minecraft:oak_door":1,"minecraft:composter":4,"minecraft:oak_fence":40,"minecraft:torch":17,"minecraft:porkchop":11,"minecraft:carrot":82,"minecraft:arrow":5,"minecraft:stone_sword":1,"minecraft:rotten_flesh":5,"minecraft:hay_block":19,"minecraft:mutton":20,"minecraft:cobblestone":133,"minecraft:white_wool":18,"minecraft:rail":10,"minecraft:stripped_oak_log":1,"minecraft:feather":6,"minecraft:potato":26,"minecraft:flint":4,"minecraft:oak_log":145,"minecraft:yellow_bed":6,"minecraft:dirt":901,"minecraft:cooked_mutton":10,"minecraft:bone":5,"minecraft:apple":2,"minecraft:stonecutter":2,"minecraft:wheat_seeds":46,"minecraft:bell":5,"minecraft:iron_ingot":3,"minecraft:stone_pickaxe":1,"minecraft:oak_planks":94,"minecraft:oak_slab":21,"minecraft:pumpkin":8,"minecraft:dandelion":2,"minecraft:gravel":11,"minecraft:spruce_sapling":61,"minecraft:spruce_log":432,"minecraft:white_bed":7,"minecraft:mossy_cobblestone":10,"minecraft:stone_axe":1,"minecraft:cherry_sapling":4,"minecraft:bread":52,"minecraft:oak_button":1,"minecraft:oak_sapling":11,"minecraft:coal":46,"minecraft:hopper":1,"minecraft:ender_pearl":1},"minecraft:killed":{"minecraft:skeleton":1,"minecraft:chicken":2,"minecraft:pig":6,"minecraft:iron_golem":1,"minecraft:sheep":7,"minecraft:zombie":4,"minecraft:enderman":1},"minecraft:dropped":{"minecraft:water_bucket":1,"minecraft:bread":22,"minecraft:oak_slab":8,"minecraft:porkchop":5,"minecraft:wheat_seeds":1,"minecraft:apple":2,"minecraft:rail":10,"minecraft:mutton":18,"minecraft:bone_meal":3,"minecraft:dandelion":2,"minecraft:oak_trapdoor":1,"minecraft:chicken":1,"minecraft:azure_bluet":1,"minecraft:cooked_mutton":10,"minecraft:white_bed":7,"minecraft:oak_button":1,"minecraft:lingering_potion":1,"minecraft:hopper":1,"minecraft:yellow_bed":2,"minecraft:spruce_log":1,"minecraft:arrow":4,"minecraft:stone_pickaxe":24,"minecraft:egg":4},"minecraft:mined":{"minecraft:white_bed":7,"minecraft:oak_sapling":1,"minecraft:farmland":7,"minecraft:mossy_cobblestone":10,"minecraft:brewing_stand":1,"minecraft:grass_block":384,"minecraft:spruce_leaves":213,"minecraft:composter":2,"minecraft:hay_block":19,"minecraft:spruce_sapling":2,"minecraft:furnace":1,"minecraft:carrots":22,"minecraft:iron_ore":8,"minecraft:fire":2,"minecraft:pumpkin":4,"minecraft:bell":3,"minecraft:potatoes":6,"minecraft:dirt_path":12,"minecraft:oak_stairs":179,"minecraft:stripped_oak_log":1,"minecraft:stone":46,"minecraft:white_wool":9,"minecraft:oak_slab":12,"minecraft:glass_pane":6,"minecraft:oak_fence":30,"minecraft:crafting_table":1,"minecraft:torch":2,"minecraft:short_grass":89,"minecraft:cobblestone":69,"minecraft:tall_grass":28,"minecraft:sugar_cane":21,"minecraft:oak_planks":94,"minecraft:wall_torch":1,"minecraft:yellow_wool":9,"minecraft:wheat":20,"minecraft:spruce_log":433,"minecraft:yellow_bed":5,"minecraft:coal_ore":47,"minecraft:oak_log":104,"minecraft:cherry_leaves":2,"minecraft:dirt":492,"minecraft:stonecutter":1,"minecraft:oak_leaves":13},"minecraft:crafted":{"minecraft:oak_planks":424,"minecraft:furnace":1,"minecraft:bone_meal":27,"minecraft:iron_axe":1,"minecraft:stone_pickaxe":26,"minecraft:stone_hoe":1,"minecraft:wheat":171,"minecraft:emerald":141,"minecraft:cooked_porkchop":6,"minecraft:crafting_table":2,"minecraft:spruce_planks":1728,"minecraft:wooden_pickaxe":1,"minecraft:bell":3,"minecraft:smithing_table":1,"minecraft:fletching_table":2,"minecraft:bucket":1,"minecraft:stone_axe":5,"minecraft:bread":57,"minecraft:air":0,"minecraft:oak_boat":1,"minecraft:stick":4320,"minecraft:iron_pickaxe":1,"minecraft:stone_sword":1,"minecraft:iron_shovel":2},"minecraft:killed_by":{"minecraft:skeleton":1,"minecraft:zombie":1},"minecraft:broken":{"minecraft:iron_shovel":3,"minecraft:stone_pickaxe":1,"minecraft:iron_axe":1,"minecraft:stone_axe":4,"minecraft:wooden_hoe":1}},"DataVersion":4082}