{"stats":{"minecraft:dropped":{"minecraft:wheat_seeds":1},"minecraft:custom":{"minecraft:jump":34,"minecraft:time_since_rest":1299,"minecraft:leave_game":1,"minecraft:sprint_one_cm":6018,"minecraft:play_time":1299,"minecraft:time_since_death":1299,"minecraft:walk_one_cm":1016,"minecraft:total_world_time":1299,"minecraft:drop":1,"minecraft:fall_one_cm":1103,"minecraft:fly_one_cm":9190},"minecraft:picked_up":{"minecraft:oak_log":1,"minecraft:wheat_seeds":1},"minecraft:mined":{"minecraft:short_grass":6,"minecraft:tall_grass":16,"minecraft:oak_log":1}},"DataVersion":4082}