{"stats":{"minecraft:custom":{"minecraft:interact_with_furnace":4,"minecraft:time_since_rest":13111,"minecraft:sprint_one_cm":220535,"minecraft:damage_taken":371,"minecraft:walk_one_cm":88590,"minecraft:mob_kills":1,"minecraft:damage_dealt":315,"minecraft:talked_to_villager":16,"minecraft:swim_one_cm":20288,"minecraft:interact_with_crafting_table":13,"minecraft:fly_one_cm":134235,"minecraft:open_chest":11,"minecraft:crouch_one_cm":115,"minecraft:play_time":48613,"minecraft:sneak_time":126,"minecraft:walk_under_water_one_cm":2284,"minecraft:jump":703,"minecraft:walk_on_water_one_cm":4438,"minecraft:time_since_death":48613,"minecraft:sleep_in_bed":4,"minecraft:climb_one_cm":106,"minecraft:total_world_time":48613,"minecraft:fall_one_cm":9972},"minecraft:crafted":{"minecraft:cherry_planks":28,"minecraft:wooden_sword":1,"minecraft:oak_planks":20,"minecraft:shield":1,"minecraft:crafting_table":2,"minecraft:stick":20,"minecraft:pink_bed":1,"minecraft:iron_ingot":4,"minecraft:wooden_pickaxe":1,"minecraft:iron_pickaxe":1,"minecraft:stone_pickaxe":1,"minecraft:wooden_axe":1,"minecraft:stone_sword":1,"minecraft:chest":2,"minecraft:furnace":1,"minecraft:torch":32,"minecraft:pink_dye":1,"minecraft:bread":48,"minecraft:wheat":144},"minecraft:mined":{"minecraft:pink_petals":3,"minecraft:hay_block":17,"minecraft:brown_mushroom":1,"minecraft:white_bed":2,"minecraft:furnace":1,"minecraft:iron_ore":4,"minecraft:cherry_log":9,"minecraft:cobblestone_stairs":3,"minecraft:crafting_table":3,"minecraft:short_grass":2,"minecraft:grass_block":2,"minecraft:emerald_ore":1,"minecraft:coal_ore":112,"minecraft:oak_log":5,"minecraft:cherry_leaves":2,"minecraft:stone":28,"minecraft:oak_leaves":6},"minecraft:picked_up":{"minecraft:pink_petals":12,"minecraft:raw_iron":4,"minecraft:crafting_table":3,"minecraft:oak_log":5,"minecraft:cherry_log":7,"minecraft:white_bed":2,"minecraft:dirt":2,"minecraft:cobblestone_stairs":3,"minecraft:arrow":2,"minecraft:bone":2,"minecraft:rotten_flesh":2,"minecraft:hay_block":17,"minecraft:emerald":1,"minecraft:coal":112,"minecraft:cobblestone":27,"minecraft:furnace":1},"minecraft:used":{"minecraft:wooden_axe":3,"minecraft:stone_sword":6,"minecraft:bread":14,"minecraft:stone_pickaxe":74,"minecraft:iron_pickaxe":65,"minecraft:chest":2,"minecraft:wooden_pickaxe":12,"minecraft:torch":9,"minecraft:pink_bed":1,"minecraft:hay_block":1,"minecraft:crafting_table":4,"minecraft:furnace":1,"minecraft:white_bed":1}},"DataVersion":4082}