{"stats":{"minecraft:custom":{"minecraft:interact_with_furnace":4,"minecraft:time_since_rest":1111,"minecraft:sprint_one_cm":112221,"minecraft:damage_taken":130,"minecraft:walk_one_cm":67935,"minecraft:damage_dealt":70,"minecraft:talked_to_villager":1,"minecraft:swim_one_cm":14647,"minecraft:interact_with_crafting_table":12,"minecraft:fly_one_cm":77209,"minecraft:open_chest":11,"minecraft:crouch_one_cm":107,"minecraft:play_time":36613,"minecraft:sneak_time":60,"minecraft:walk_under_water_one_cm":620,"minecraft:jump":425,"minecraft:walk_on_water_one_cm":2254,"minecraft:time_since_death":36613,"minecraft:sleep_in_bed":4,"minecraft:total_world_time":36613,"minecraft:fall_one_cm":6715},"minecraft:crafted":{"minecraft:cherry_planks":28,"minecraft:wooden_sword":1,"minecraft:oak_planks":16,"minecraft:shield":1,"minecraft:crafting_table":2,"minecraft:stick":12,"minecraft:pink_bed":1,"minecraft:iron_ingot":4,"minecraft:wooden_pickaxe":1,"minecraft:iron_pickaxe":1,"minecraft:stone_pickaxe":1,"minecraft:wooden_axe":1,"minecraft:stone_sword":1,"minecraft:chest":2,"minecraft:furnace":1,"minecraft:pink_dye":1,"minecraft:bread":48,"minecraft:wheat":144},"minecraft:mined":{"minecraft:pink_petals":3,"minecraft:hay_block":17,"minecraft:white_bed":2,"minecraft:furnace":1,"minecraft:iron_ore":4,"minecraft:cherry_log":9,"minecraft:cobblestone_stairs":3,"minecraft:crafting_table":3,"minecraft:short_grass":1,"minecraft:emerald_ore":1,"minecraft:coal_ore":61,"minecraft:oak_log":5,"minecraft:cherry_leaves":2,"minecraft:stone":16,"minecraft:oak_leaves":3},"minecraft:picked_up":{"minecraft:pink_petals":12,"minecraft:raw_iron":4,"minecraft:crafting_table":3,"minecraft:oak_log":5,"minecraft:cherry_log":7,"minecraft:white_bed":2,"minecraft:cobblestone_stairs":3,"minecraft:arrow":2,"minecraft:bone":2,"minecraft:hay_block":17,"minecraft:emerald":1,"minecraft:coal":61,"minecraft:cobblestone":15,"minecraft:furnace":1},"minecraft:used":{"minecraft:wooden_axe":3,"minecraft:bread":6,"minecraft:stone_pickaxe":74,"minecraft:iron_pickaxe":2,"minecraft:chest":2,"minecraft:wooden_pickaxe":12,"minecraft:pink_bed":1,"minecraft:hay_block":1,"minecraft:crafting_table":4,"minecraft:furnace":1,"minecraft:white_bed":1}},"DataVersion":4082}