{"stats":{"minecraft:custom":{"minecraft:time_since_rest":6506,"minecraft:sprint_one_cm":65411,"minecraft:walk_one_cm":48315,"minecraft:damage_dealt":70,"minecraft:swim_one_cm":4201,"minecraft:interact_with_crafting_table":7,"minecraft:fly_one_cm":51280,"minecraft:open_chest":10,"minecraft:crouch_one_cm":107,"minecraft:play_time":24613,"minecraft:sneak_time":34,"minecraft:walk_under_water_one_cm":444,"minecraft:jump":262,"minecraft:walk_on_water_one_cm":1459,"minecraft:time_since_death":24613,"minecraft:sleep_in_bed":3,"minecraft:total_world_time":24613,"minecraft:fall_one_cm":4681},"minecraft:crafted":{"minecraft:cherry_planks":28,"minecraft:wooden_sword":1,"minecraft:oak_planks":8,"minecraft:crafting_table":1,"minecraft:stick":8,"minecraft:pink_bed":1,"minecraft:wooden_pickaxe":1,"minecraft:wooden_axe":1,"minecraft:chest":2,"minecraft:pink_dye":1,"minecraft:bread":48,"minecraft:wheat":144},"minecraft:mined":{"minecraft:pink_petals":3,"minecraft:hay_block":17,"minecraft:white_bed":2,"minecraft:cherry_log":9,"minecraft:cobblestone_stairs":3,"minecraft:crafting_table":1,"minecraft:short_grass":1,"minecraft:oak_log":5,"minecraft:cherry_leaves":2,"minecraft:oak_leaves":3},"minecraft:picked_up":{"minecraft:pink_petals":12,"minecraft:crafting_table":1,"minecraft:oak_log":5,"minecraft:cherry_log":7,"minecraft:white_bed":2,"minecraft:cobblestone_stairs":3,"minecraft:arrow":2,"minecraft:bone":2,"minecraft:hay_block":17},"minecraft:used":{"minecraft:wooden_axe":1,"minecraft:bread":2,"minecraft:chest":2,"minecraft:wooden_pickaxe":5,"minecraft:pink_bed":1,"minecraft:hay_block":1,"minecraft:crafting_table":2,"minecraft:white_bed":1}},"DataVersion":4082}