{"stats":{"minecraft:used":{"minecraft:stone_sword":16,"minecraft:flint_and_steel":43,"minecraft:stone_shovel":1324,"minecraft:stone_pickaxe":59,"minecraft:oak_planks":1,"minecraft:chest":2,"minecraft:wooden_pickaxe":19,"minecraft:wooden_shovel":59,"minecraft:torch":5,"minecraft:dirt":266,"minecraft:mutton":1,"minecraft:crafting_table":4,"minecraft:carrot":5,"minecraft:oak_fence_gate":2,"minecraft:birch_door":1,"minecraft:oak_log":2,"minecraft:wooden_axe":8,"minecraft:stone_axe":8,"minecraft:pink_bed":1,"minecraft:wooden_sword":22,"minecraft:cobblestone":11,"minecraft:goat_horn":1,"minecraft:furnace":4,"minecraft:cooked_porkchop":6},"minecraft:custom":{"minecraft:interact_with_furnace":12,"minecraft:mob_kills":8,"minecraft:interact_with_crafting_table":19,"minecraft:open_barrel":3,"minecraft:leave_game":1,"minecraft:time_since_death":89518,"minecraft:sleep_in_bed":1,"minecraft:time_since_rest":45219,"minecraft:sprint_one_cm":137729,"minecraft:damage_taken":670,"minecraft:walk_one_cm":311324,"minecraft:drop":5,"minecraft:damage_dealt":830,"minecraft:fly_one_cm":105823,"minecraft:open_chest":32,"minecraft:crouch_one_cm":6233,"minecraft:play_time":102979,"minecraft:deaths":1,"minecraft:sneak_time":1713,"minecraft:jump":713,"minecraft:total_world_time":102979,"minecraft:fall_one_cm":15016},"minecraft:picked_up":{"minecraft:birch_log":7,"minecraft:crafting_table":3,"minecraft:flint":1,"minecraft:oak_log":12,"minecraft:dirt":1354,"minecraft:raw_copper":18,"minecraft:cooked_mutton":1,"minecraft:wheat_seeds":8,"minecraft:iron_ingot":1,"minecraft:oak_fence_gate":2,"minecraft:oak_planks":2,"minecraft:furnace":3,"minecraft:stick":2,"minecraft:torch":1,"minecraft:dandelion":1,"minecraft:gravel":4,"minecraft:porkchop":12,"minecraft:white_bed":1,"minecraft:mossy_cobblestone":7,"minecraft:stone_shovel":1,"minecraft:arrow":1,"minecraft:bread":22,"minecraft:mutton":1,"minecraft:white_wool":1,"minecraft:cobblestone":68},"minecraft:dropped":{"minecraft:cooked_porkchop":4,"minecraft:stone_shovel":1},"minecraft:killed":{"minecraft:pig":7,"minecraft:sheep":1},"minecraft:mined":{"minecraft:dandelion":1,"minecraft:crafting_table":3,"minecraft:short_grass":24,"minecraft:grass_block":570,"minecraft:copper_ore":5,"minecraft:tall_grass":1,"minecraft:cobblestone":7,"minecraft:oak_planks":2,"minecraft:furnace":2,"minecraft:birch_log":7,"minecraft:fire":14,"minecraft:oak_log":12,"minecraft:dirt_path":35,"minecraft:oak_fence_gate":2,"minecraft:gravel":5,"minecraft:dirt":775,"minecraft:stone":58,"minecraft:oak_leaves":4},"minecraft:crafted":{"minecraft:wooden_sword":1,"minecraft:oak_planks":20,"minecraft:wooden_shovel":1,"minecraft:stone_shovel":10,"minecraft:cooked_porkchop":12,"minecraft:crafting_table":1,"minecraft:pink_bed":1,"minecraft:wooden_pickaxe":1,"minecraft:furnace":1,"minecraft:birch_planks":12,"minecraft:stone_axe":1,"minecraft:pink_dye":3,"minecraft:flint_and_steel":1,"minecraft:charcoal":4,"minecraft:stick":36,"minecraft:stone_pickaxe":1,"minecraft:wooden_axe":1,"minecraft:stone_sword":1,"minecraft:chest":2,"minecraft:birch_door":3,"minecraft:torch":4},"minecraft:killed_by":{"minecraft:pillager":1},"minecraft:broken":{"minecraft:wooden_shovel":1,"minecraft:stone_shovel":10}},"DataVersion":4082}