{"stats":{"minecraft:broken":{"minecraft:stone_shovel":7},"minecraft:dropped":{"minecraft:oak_sapling":6},"minecraft:custom":{"minecraft:interact_with_furnace":5,"minecraft:mob_kills":3,"minecraft:interact_with_crafting_table":27,"minecraft:time_since_death":61810,"minecraft:sleep_in_bed":5,"minecraft:climb_one_cm":485,"minecraft:time_since_rest":46745,"minecraft:sprint_one_cm":458359,"minecraft:damage_taken":1508,"minecraft:walk_one_cm":345476,"minecraft:damage_blocked_by_shield":1050,"minecraft:drop":2,"minecraft:damage_dealt":919,"minecraft:swim_one_cm":24813,"minecraft:talked_to_villager":16,"minecraft:fly_one_cm":394919,"minecraft:open_chest":32,"minecraft:crouch_one_cm":2994,"minecraft:play_time":150613,"minecraft:deaths":2,"minecraft:sneak_time":1449,"minecraft:walk_under_water_one_cm":2704,"minecraft:boat_one_cm":238046,"minecraft:jump":1871,"minecraft:walk_on_water_one_cm":12893,"minecraft:total_world_time":150613,"minecraft:inspect_dispenser":3,"minecraft:fall_one_cm":27873},"minecraft:killed_by":{"minecraft:creeper":1,"minecraft:zombie":1},"minecraft:killed":{"minecraft:spider":1,"minecraft:zombie":1},"minecraft:mined":{"minecraft:white_bed":2,"minecraft:brown_mushroom":1,"minecraft:mossy_cobblestone":4,"minecraft:cobblestone_stairs":3,"minecraft:cherry_log":9,"minecraft:crafting_table":7,"minecraft:torch":3,"minecraft:short_grass":26,"minecraft:emerald_ore":1,"minecraft:grass_block":466,"minecraft:melon":4,"minecraft:jungle_log":1,"minecraft:redstone_wire":1,"minecraft:tall_grass":15,"minecraft:cobblestone":6,"minecraft:birch_sapling":1,"minecraft:pink_petals":3,"minecraft:seagrass":1,"minecraft:hay_block":17,"minecraft:furnace":2,"minecraft:jungle_sapling":3,"minecraft:iron_ore":6,"minecraft:pumpkin":3,"minecraft:oak_log":5,"minecraft:coal_ore":129,"minecraft:dirt_path":9,"minecraft:vine":5,"minecraft:dark_oak_sapling":3,"minecraft:cherry_leaves":2,"minecraft:dirt":484,"minecraft:bamboo":2,"minecraft:tripwire_hook":3,"minecraft:stone":58,"minecraft:oak_leaves":7,"minecraft:tripwire":2,"minecraft:fern":1},"minecraft:crafted":{"minecraft:cherry_planks":28,"minecraft:wooden_sword":1,"minecraft:oak_planks":20,"minecraft:stone_shovel":15,"minecraft:crafting_table":3,"minecraft:jungle_boat":1,"minecraft:pink_bed":1,"minecraft:wooden_pickaxe":1,"minecraft:furnace":1,"minecraft:stone_axe":2,"minecraft:pink_dye":1,"minecraft:bread":48,"minecraft:jungle_planks":24,"minecraft:shield":1,"minecraft:stick":36,"minecraft:iron_ingot":4,"minecraft:iron_pickaxe":1,"minecraft:stone_pickaxe":1,"minecraft:wooden_axe":3,"minecraft:stone_sword":1,"minecraft:chest":2,"minecraft:torch":64,"minecraft:wheat":144},"minecraft:picked_up":{"minecraft:birch_log":24,"minecraft:cocoa_beans":5,"minecraft:pink_petals":12,"minecraft:crafting_table":7,"minecraft:jungle_boat":4,"minecraft:azure_bluet":5,"minecraft:tripwire_hook":2,"minecraft:jungle_log":232,"minecraft:oak_log":16,"minecraft:cobblestone_stairs":3,"minecraft:cornflower":1,"minecraft:string":8,"minecraft:dirt":969,"minecraft:raw_copper":1,"minecraft:bone":2,"minecraft:apple":1,"minecraft:wheat_seeds":77,"minecraft:jungle_sapling":22,"minecraft:poppy":1,"minecraft:bamboo":11,"minecraft:melon_slice":20,"minecraft:birch_sapling":7,"minecraft:dark_oak_sapling":12,"minecraft:furnace":2,"minecraft:stick":29,"minecraft:raw_iron":6,"minecraft:pumpkin":3,"minecraft:torch":3,"minecraft:dandelion":27,"minecraft:cherry_log":7,"minecraft:pointed_dripstone":1,"minecraft:white_bed":2,"minecraft:redstone":1,"minecraft:dark_oak_log":118,"minecraft:mossy_cobblestone":4,"minecraft:arrow":2,"minecraft:rotten_flesh":5,"minecraft:hay_block":17,"minecraft:emerald":1,"minecraft:oak_sapling":10,"minecraft:coal":129,"minecraft:cobblestone":65,"minecraft:oxeye_daisy":2},"minecraft:used":{"minecraft:stone_sword":32,"minecraft:stone_shovel":939,"minecraft:stone_pickaxe":74,"minecraft:shield":17,"minecraft:chest":2,"minecraft:wooden_pickaxe":12,"minecraft:jungle_boat":4,"minecraft:torch":24,"minecraft:dirt":969,"minecraft:crafting_table":8,"minecraft:white_bed":1,"minecraft:wooden_axe":9,"minecraft:bread":30,"minecraft:iron_pickaxe":141,"minecraft:jungle_log":14,"minecraft:stone_axe":13,"minecraft:pink_bed":1,"minecraft:hay_block":1,"minecraft:furnace":2}},"DataVersion":4082}