{"stats":{"minecraft:dropped":{"minecraft:oak_sapling":6},"minecraft:custom":{"minecraft:interact_with_furnace":5,"minecraft:mob_kills":1,"minecraft:interact_with_crafting_table":19,"minecraft:time_since_death":15988,"minecraft:sleep_in_bed":4,"minecraft:climb_one_cm":485,"minecraft:time_since_rest":16023,"minecraft:sprint_one_cm":347379,"minecraft:damage_taken":1177,"minecraft:walk_one_cm":138190,"minecraft:drop":2,"minecraft:damage_dealt":315,"minecraft:swim_one_cm":23773,"minecraft:talked_to_villager":16,"minecraft:fly_one_cm":229791,"minecraft:open_chest":20,"minecraft:crouch_one_cm":181,"minecraft:play_time":84613,"minecraft:deaths":1,"minecraft:sneak_time":152,"minecraft:walk_under_water_one_cm":2560,"minecraft:boat_one_cm":238046,"minecraft:jump":1235,"minecraft:walk_on_water_one_cm":11842,"minecraft:total_world_time":84613,"minecraft:inspect_dispenser":3,"minecraft:fall_one_cm":22447},"minecraft:killed_by":{"minecraft:creeper":1},"minecraft:mined":{"minecraft:white_bed":2,"minecraft:brown_mushroom":1,"minecraft:mossy_cobblestone":4,"minecraft:cobblestone_stairs":3,"minecraft:cherry_log":9,"minecraft:crafting_table":7,"minecraft:short_grass":13,"minecraft:emerald_ore":1,"minecraft:grass_block":3,"minecraft:melon":4,"minecraft:jungle_log":1,"minecraft:redstone_wire":1,"minecraft:tall_grass":3,"minecraft:cobblestone":6,"minecraft:birch_sapling":1,"minecraft:pink_petals":3,"minecraft:seagrass":1,"minecraft:hay_block":17,"minecraft:furnace":2,"minecraft:jungle_sapling":3,"minecraft:iron_ore":5,"minecraft:oak_log":5,"minecraft:coal_ore":129,"minecraft:vine":5,"minecraft:dark_oak_sapling":3,"minecraft:cherry_leaves":2,"minecraft:dirt":1,"minecraft:bamboo":2,"minecraft:tripwire_hook":3,"minecraft:stone":29,"minecraft:oak_leaves":7,"minecraft:tripwire":2,"minecraft:fern":1},"minecraft:crafted":{"minecraft:cherry_planks":28,"minecraft:wooden_sword":1,"minecraft:oak_planks":20,"minecraft:crafting_table":3,"minecraft:jungle_boat":1,"minecraft:pink_bed":1,"minecraft:wooden_pickaxe":1,"minecraft:furnace":1,"minecraft:stone_axe":2,"minecraft:pink_dye":1,"minecraft:bread":48,"minecraft:jungle_planks":24,"minecraft:shield":1,"minecraft:stick":20,"minecraft:iron_ingot":4,"minecraft:iron_pickaxe":1,"minecraft:stone_pickaxe":1,"minecraft:wooden_axe":3,"minecraft:stone_sword":1,"minecraft:chest":2,"minecraft:torch":32,"minecraft:wheat":144},"minecraft:picked_up":{"minecraft:birch_log":24,"minecraft:cocoa_beans":5,"minecraft:pink_petals":12,"minecraft:crafting_table":7,"minecraft:jungle_boat":4,"minecraft:tripwire_hook":2,"minecraft:jungle_log":232,"minecraft:oak_log":16,"minecraft:cobblestone_stairs":3,"minecraft:string":2,"minecraft:dirt":4,"minecraft:bone":2,"minecraft:apple":1,"minecraft:wheat_seeds":3,"minecraft:jungle_sapling":22,"minecraft:bamboo":11,"minecraft:melon_slice":20,"minecraft:birch_sapling":7,"minecraft:dark_oak_sapling":12,"minecraft:furnace":2,"minecraft:stick":29,"minecraft:raw_iron":5,"minecraft:cherry_log":7,"minecraft:white_bed":2,"minecraft:redstone":1,"minecraft:dark_oak_log":118,"minecraft:mossy_cobblestone":4,"minecraft:arrow":2,"minecraft:rotten_flesh":2,"minecraft:hay_block":17,"minecraft:emerald":1,"minecraft:oak_sapling":10,"minecraft:coal":129,"minecraft:cobblestone":33},"minecraft:used":{"minecraft:stone_sword":18,"minecraft:stone_pickaxe":74,"minecraft:chest":2,"minecraft:wooden_pickaxe":12,"minecraft:jungle_boat":4,"minecraft:torch":20,"minecraft:crafting_table":8,"minecraft:white_bed":1,"minecraft:wooden_axe":9,"minecraft:bread":23,"minecraft:iron_pickaxe":106,"minecraft:jungle_log":14,"minecraft:stone_axe":13,"minecraft:pink_bed":1,"minecraft:hay_block":1,"minecraft:furnace":2}},"DataVersion":4082}