{"stats":{"minecraft:dropped":{"minecraft:oak_sapling":6},"minecraft:custom":{"minecraft:interact_with_furnace":5,"minecraft:mob_kills":1,"minecraft:interact_with_crafting_table":17,"minecraft:time_since_death":3988,"minecraft:sleep_in_bed":4,"minecraft:climb_one_cm":485,"minecraft:time_since_rest":4023,"minecraft:sprint_one_cm":316071,"minecraft:damage_taken":1177,"minecraft:walk_one_cm":126124,"minecraft:drop":2,"minecraft:damage_dealt":315,"minecraft:swim_one_cm":23665,"minecraft:talked_to_villager":16,"minecraft:fly_one_cm":212721,"minecraft:open_chest":20,"minecraft:crouch_one_cm":181,"minecraft:play_time":72613,"minecraft:deaths":1,"minecraft:sneak_time":136,"minecraft:walk_under_water_one_cm":2541,"minecraft:boat_one_cm":18573,"minecraft:jump":1143,"minecraft:walk_on_water_one_cm":10690,"minecraft:total_world_time":72613,"minecraft:inspect_dispenser":3,"minecraft:fall_one_cm":21135},"minecraft:killed_by":{"minecraft:creeper":1},"minecraft:mined":{"minecraft:white_bed":2,"minecraft:brown_mushroom":1,"minecraft:mossy_cobblestone":4,"minecraft:cobblestone_stairs":3,"minecraft:cherry_log":9,"minecraft:crafting_table":5,"minecraft:short_grass":12,"minecraft:emerald_ore":1,"minecraft:grass_block":3,"minecraft:melon":4,"minecraft:jungle_log":1,"minecraft:redstone_wire":1,"minecraft:tall_grass":3,"minecraft:cobblestone":6,"minecraft:pink_petals":3,"minecraft:hay_block":17,"minecraft:furnace":2,"minecraft:jungle_sapling":3,"minecraft:iron_ore":5,"minecraft:oak_log":5,"minecraft:coal_ore":112,"minecraft:vine":5,"minecraft:cherry_leaves":2,"minecraft:bamboo":2,"minecraft:tripwire_hook":3,"minecraft:stone":29,"minecraft:oak_leaves":6,"minecraft:tripwire":2,"minecraft:fern":1},"minecraft:crafted":{"minecraft:cherry_planks":28,"minecraft:wooden_sword":1,"minecraft:oak_planks":20,"minecraft:crafting_table":2,"minecraft:jungle_boat":1,"minecraft:pink_bed":1,"minecraft:wooden_pickaxe":1,"minecraft:furnace":1,"minecraft:stone_axe":2,"minecraft:pink_dye":1,"minecraft:bread":48,"minecraft:jungle_planks":24,"minecraft:shield":1,"minecraft:stick":20,"minecraft:iron_ingot":4,"minecraft:iron_pickaxe":1,"minecraft:stone_pickaxe":1,"minecraft:wooden_axe":1,"minecraft:stone_sword":1,"minecraft:chest":2,"minecraft:torch":32,"minecraft:wheat":144},"minecraft:picked_up":{"minecraft:cocoa_beans":5,"minecraft:pink_petals":12,"minecraft:crafting_table":5,"minecraft:tripwire_hook":2,"minecraft:jungle_log":232,"minecraft:oak_log":5,"minecraft:cobblestone_stairs":3,"minecraft:string":2,"minecraft:dirt":3,"minecraft:bone":2,"minecraft:wheat_seeds":3,"minecraft:jungle_sapling":22,"minecraft:bamboo":11,"minecraft:melon_slice":20,"minecraft:furnace":2,"minecraft:stick":17,"minecraft:raw_iron":5,"minecraft:cherry_log":7,"minecraft:white_bed":2,"minecraft:redstone":1,"minecraft:mossy_cobblestone":4,"minecraft:arrow":2,"minecraft:rotten_flesh":2,"minecraft:hay_block":17,"minecraft:emerald":1,"minecraft:oak_sapling":6,"minecraft:coal":112,"minecraft:cobblestone":33},"minecraft:used":{"minecraft:stone_sword":18,"minecraft:stone_pickaxe":74,"minecraft:chest":2,"minecraft:wooden_pickaxe":12,"minecraft:jungle_boat":1,"minecraft:torch":20,"minecraft:crafting_table":6,"minecraft:white_bed":1,"minecraft:wooden_axe":4,"minecraft:bread":22,"minecraft:iron_pickaxe":88,"minecraft:jungle_log":14,"minecraft:stone_axe":11,"minecraft:pink_bed":1,"minecraft:hay_block":1,"minecraft:furnace":2}},"DataVersion":4082}