{"stats":{"minecraft:custom":{"minecraft:jump":92,"minecraft:time_since_rest":12613,"minecraft:crouch_one_cm":72,"minecraft:sprint_one_cm":13821,"minecraft:play_time":12613,"minecraft:time_since_death":12613,"minecraft:walk_one_cm":14642,"minecraft:sneak_time":6,"minecraft:total_world_time":12613,"minecraft:fall_one_cm":1103,"minecraft:fly_one_cm":14355,"minecraft:open_chest":4},"minecraft:mined":{"minecraft:pink_petals":3,"minecraft:short_grass":1,"minecraft:cherry_log":9,"minecraft:cherry_leaves":2},"minecraft:picked_up":{"minecraft:pink_petals":12,"minecraft:cherry_log":7}},"DataVersion":4082}