{"stats":{"minecraft:mined":{"minecraft:pink_petals":1,"minecraft:short_grass":2,"minecraft:tall_grass":1,"minecraft:cherry_log":2,"minecraft:cherry_sapling":1,"minecraft:stone":6},"minecraft:crafted":{"minecraft:cherry_planks":12,"minecraft:crafting_table":1,"minecraft:stone_axe":2,"minecraft:stick":4,"minecraft:wooden_pickaxe":1},"minecraft:used":{"minecraft:stone_axe":15,"minecraft:crafting_table":1,"minecraft:wooden_pickaxe":6},"minecraft:picked_up":{"minecraft:pink_petals":3,"minecraft:stick":64,"minecraft:leather":8,"minecraft:gray_wool":1,"minecraft:beef":1,"minecraft:cherry_sapling":92,"minecraft:cherry_log":167,"minecraft:white_wool":2,"minecraft:black_wool":1,"minecraft:mutton":8,"minecraft:cobblestone":6},"minecraft:custom":{"minecraft:time_since_rest":8059,"minecraft:crouch_one_cm":18,"minecraft:play_time":8059,"minecraft:sprint_one_cm":37863,"minecraft:damage_taken":30,"minecraft:walk_one_cm":28671,"minecraft:sneak_time":5,"minecraft:mob_kills":8,"minecraft:jump":214,"minecraft:damage_dealt":1010,"minecraft:time_since_death":8059,"minecraft:total_world_time":8059,"minecraft:interact_with_crafting_table":4,"minecraft:fall_one_cm":3247,"minecraft:fly_one_cm":26696},"minecraft:killed":{"minecraft:cow":1,"minecraft:sheep":4,"minecraft:horse":3}},"DataVersion":4082}