{"stats":{"minecraft:mined":{"minecraft:pink_petals":1,"minecraft:oak_sapling":1,"minecraft:furnace":1,"minecraft:smoker":1,"minecraft:cherry_log":2,"minecraft:cherry_sapling":1,"minecraft:crafting_table":1,"minecraft:short_grass":2,"minecraft:coal_ore":15,"minecraft:tall_grass":1,"minecraft:stone":32},"minecraft:crafted":{"minecraft:cherry_planks":156,"minecraft:pink_wool":3,"minecraft:crafting_table":1,"minecraft:stick":4,"minecraft:pink_bed":1,"minecraft:wooden_pickaxe":1,"minecraft:stone_pickaxe":1,"minecraft:furnace":2,"minecraft:torch":16,"minecraft:stone_axe":2,"minecraft:pink_dye":3,"minecraft:cooked_mutton":8,"minecraft:air":0,"minecraft:smoker":1},"minecraft:dropped":{"minecraft:torch":1,"minecraft:cooked_mutton":5},"minecraft:used":{"minecraft:stone_pickaxe":40,"minecraft:wooden_pickaxe":9,"minecraft:torch":2,"minecraft:stone_axe":31,"minecraft:pink_bed":1,"minecraft:crafting_table":1,"minecraft:furnace":1,"minecraft:smoker":1,"minecraft:cooked_mutton":2},"minecraft:picked_up":{"minecraft:birch_log":7,"minecraft:pink_petals":3,"minecraft:stick":75,"minecraft:crafting_table":1,"minecraft:feather":1,"minecraft:cooked_beef":1,"minecraft:chicken":1,"minecraft:cherry_planks":8,"minecraft:leather":14,"minecraft:smoker":1,"minecraft:porkchop":5,"minecraft:oak_log":30,"minecraft:cherry_log":167,"minecraft:ink_sac":1,"minecraft:cooked_mutton":2,"minecraft:rotten_flesh":2,"minecraft:apple":1,"minecraft:beef":7,"minecraft:coal":18,"minecraft:cherry_sapling":92,"minecraft:gray_wool":1,"minecraft:oak_sapling":9,"minecraft:black_wool":1,"minecraft:mutton":10,"minecraft:birch_sapling":4,"minecraft:white_wool":4,"minecraft:cobblestone":32,"minecraft:furnace":1},"minecraft:custom":{"minecraft:interact_with_furnace":7,"minecraft:sprint_one_cm":70007,"minecraft:damage_taken":40,"minecraft:walk_one_cm":64197,"minecraft:mob_kills":19,"minecraft:drop":6,"minecraft:damage_dealt":2080,"minecraft:interact_with_crafting_table":11,"minecraft:fly_one_cm":59966,"minecraft:open_chest":1,"minecraft:crouch_one_cm":252,"minecraft:play_time":19497,"minecraft:sneak_time":66,"minecraft:jump":448,"minecraft:leave_game":1,"minecraft:time_since_death":19497,"minecraft:sleep_in_bed":1,"minecraft:total_world_time":19497,"minecraft:interact_with_smoker":6,"minecraft:fall_one_cm":7435,"minecraft:time_since_rest":9793},"minecraft:killed":{"minecraft:horse":3,"minecraft:sheep":6,"minecraft:zombie":1,"minecraft:pig":4,"minecraft:chicken":1,"minecraft:cow":4}},"DataVersion":4082}