{"stats":{"minecraft:mined":{"minecraft:oak_sapling":1,"minecraft:smoker":4,"minecraft:cherry_log":2,"minecraft:cherry_sapling":1,"minecraft:crafting_table":4,"minecraft:short_grass":3,"minecraft:grass_block":3,"minecraft:tall_grass":1,"minecraft:pink_petals":1,"minecraft:furnace":1,"minecraft:fire":1,"minecraft:coal_ore":15,"minecraft:dirt":6,"minecraft:stone":38},"minecraft:crafted":{"minecraft:cooked_beef":24,"minecraft:cherry_planks":156,"minecraft:cooked_porkchop":27,"minecraft:crafting_table":2,"minecraft:pink_bed":1,"minecraft:wooden_pickaxe":1,"minecraft:furnace":3,"minecraft:cherry_boat":1,"minecraft:stone_axe":3,"minecraft:pink_dye":3,"minecraft:cooked_mutton":15,"minecraft:air":0,"minecraft:pink_wool":3,"minecraft:stick":4,"minecraft:stone_pickaxe":1,"minecraft:torch":16,"minecraft:smoker":3},"minecraft:dropped":{"minecraft:cherry_boat":1,"minecraft:cooked_beef":25,"minecraft:chicken":1,"minecraft:rotten_flesh":2,"minecraft:cooked_mutton":5,"minecraft:dark_oak_log":67,"minecraft:torch":1},"minecraft:broken":{"minecraft:stone_axe":1},"minecraft:used":{"minecraft:cooked_mutton":4,"minecraft:stone_pickaxe":50,"minecraft:wooden_pickaxe":9,"minecraft:torch":2,"minecraft:crafting_table":4,"minecraft:smoker":4,"minecraft:stone_axe":65,"minecraft:pink_bed":1,"minecraft:furnace":1},"minecraft:picked_up":{"minecraft:birch_log":13,"minecraft:pink_petals":3,"minecraft:crafting_table":3,"minecraft:feather":1,"minecraft:cooked_beef":1,"minecraft:chicken":1,"minecraft:cherry_planks":17,"minecraft:leather":23,"minecraft:wooden_pickaxe":1,"minecraft:smoker":4,"minecraft:oak_log":38,"minecraft:dirt":9,"minecraft:cooked_mutton":2,"minecraft:apple":2,"minecraft:beef":25,"minecraft:birch_sapling":5,"minecraft:furnace":1,"minecraft:stick":82,"minecraft:porkchop":27,"minecraft:cherry_log":167,"minecraft:ink_sac":1,"minecraft:dark_oak_log":188,"minecraft:rotten_flesh":2,"minecraft:cherry_sapling":92,"minecraft:gray_wool":1,"minecraft:oak_sapling":18,"minecraft:black_wool":1,"minecraft:mutton":15,"minecraft:coal":18,"minecraft:cobblestone":38,"minecraft:white_wool":6},"minecraft:custom":{"minecraft:interact_with_furnace":7,"minecraft:mob_kills":43,"minecraft:interact_with_crafting_table":17,"minecraft:leave_game":2,"minecraft:time_since_death":32346,"minecraft:sleep_in_bed":1,"minecraft:time_since_rest":22642,"minecraft:sprint_one_cm":95295,"minecraft:damage_taken":50,"minecraft:walk_one_cm":95043,"minecraft:drop":12,"minecraft:damage_dealt":4570,"minecraft:fly_one_cm":98419,"minecraft:open_chest":2,"minecraft:crouch_one_cm":978,"minecraft:play_time":32346,"minecraft:sneak_time":333,"minecraft:boat_one_cm":36163,"minecraft:jump":635,"minecraft:walk_on_water_one_cm":332,"minecraft:interact_with_smoker":35,"minecraft:total_world_time":32346,"minecraft:fall_one_cm":11445},"minecraft:killed":{"minecraft:pig":15,"minecraft:sheep":10,"minecraft:horse":4,"minecraft:zombie":1,"minecraft:chicken":1,"minecraft:cow":12}},"DataVersion":4082}