{"stats":{"minecraft:custom":{"minecraft:interact_with_furnace":48,"minecraft:mob_kills":24,"minecraft:interact_with_crafting_table":31,"minecraft:leave_game":2,"minecraft:time_since_death":70647,"minecraft:time_since_rest":70671,"minecraft:sprint_one_cm":171620,"minecraft:damage_absorbed":40,"minecraft:damage_taken":1995,"minecraft:walk_one_cm":318705,"minecraft:damage_blocked_by_shield":60,"minecraft:drop":20,"minecraft:damage_dealt":2815,"minecraft:fly_one_cm":143041,"minecraft:open_chest":5,"minecraft:crouch_one_cm":27628,"minecraft:play_time":108725,"minecraft:deaths":4,"minecraft:sneak_time":8670,"minecraft:walk_under_water_one_cm":504,"minecraft:jump":1211,"minecraft:walk_on_water_one_cm":1853,"minecraft:total_world_time":108725,"minecraft:fall_one_cm":35744},"minecraft:used":{"minecraft:cooked_mutton":4,"minecraft:water_bucket":6,"minecraft:diorite":4,"minecraft:stone_sword":17,"minecraft:flint_and_steel":1,"minecraft:stone_pickaxe":278,"minecraft:oak_planks":20,"minecraft:shield":1,"minecraft:wooden_pickaxe":10,"minecraft:cooked_chicken":4,"minecraft:white_wool":4,"minecraft:torch":126,"minecraft:golden_apple":1,"minecraft:dirt":4,"minecraft:mutton":5,"minecraft:crafting_table":9,"minecraft:dripstone_block":2,"minecraft:golden_shovel":28,"minecraft:tuff":4,"minecraft:diamond_pickaxe":823,"minecraft:lava_bucket":2,"minecraft:chicken":1,"minecraft:iron_pickaxe":601,"minecraft:stone_axe":74,"minecraft:cobblestone":43,"minecraft:porkchop":1,"minecraft:furnace":8,"minecraft:cooked_porkchop":1,"minecraft:bucket":9,"minecraft:cooked_beef":3,"minecraft:cobbled_deepslate":217},"minecraft:picked_up":{"minecraft:birch_log":6,"minecraft:crafting_table":4,"minecraft:magma_block":1,"minecraft:cooked_beef":8,"minecraft:feather":2,"minecraft:chicken":5,"minecraft:andesite":22,"minecraft:gold_block":2,"minecraft:flint":8,"minecraft:tuff":151,"minecraft:oak_log":21,"minecraft:lapis_lazuli":84,"minecraft:string":1,"minecraft:dirt":37,"minecraft:raw_copper":2,"minecraft:bone":2,"minecraft:wheat_seeds":1,"minecraft:cobbled_deepslate":989,"minecraft:raw_gold":1,"minecraft:oak_planks":12,"minecraft:egg":1,"minecraft:furnace":6,"minecraft:raw_iron":42,"minecraft:torch":29,"minecraft:gravel":74,"minecraft:dripstone_block":4,"minecraft:porkchop":9,"minecraft:pointed_dripstone":1,"minecraft:diorite":12,"minecraft:redstone":9,"minecraft:stone_sword":1,"minecraft:arrow":2,"minecraft:rotten_flesh":3,"minecraft:diamond":25,"minecraft:stone_axe":2,"minecraft:granite":8,"minecraft:oak_sapling":1,"minecraft:netherrack":2,"minecraft:mutton":10,"minecraft:coal":102,"minecraft:white_wool":5,"minecraft:cobblestone":153},"minecraft:killed":{"minecraft:pig":5,"minecraft:spider":1,"minecraft:creeper":1,"minecraft:sheep":5,"minecraft:skeleton":2,"minecraft:zombie":5,"minecraft:chicken":5},"minecraft:dropped":{"minecraft:wheat_seeds":1,"minecraft:stone_sword":1,"minecraft:raw_copper":2,"minecraft:diamond":5,"minecraft:tuff":29,"minecraft:dripstone_block":1,"minecraft:rotten_flesh":6,"minecraft:cobblestone":2,"minecraft:oak_planks":1,"minecraft:flint":4,"minecraft:dirt":4,"minecraft:diorite":4,"minecraft:andesite":10,"minecraft:arrow":2,"minecraft:wooden_pickaxe":1},"minecraft:mined":{"minecraft:deepslate_redstone_ore":2,"minecraft:tuff":154,"minecraft:dark_oak_leaves":6,"minecraft:deepslate_diamond_ore":25,"minecraft:crafting_table":4,"minecraft:torch":15,"minecraft:granite":8,"minecraft:short_grass":2,"minecraft:grass_block":7,"minecraft:sculk_sensor":4,"minecraft:copper_ore":1,"minecraft:cobblestone":18,"minecraft:deepslate_gold_ore":4,"minecraft:oak_planks":12,"minecraft:sculk":1,"minecraft:diorite":12,"minecraft:wall_torch":8,"minecraft:magma_block":1,"minecraft:sculk_catalyst":2,"minecraft:furnace":6,"minecraft:cobbled_deepslate":2,"minecraft:birch_log":6,"minecraft:iron_ore":27,"minecraft:fire":3,"minecraft:birch_leaves":1,"minecraft:andesite":22,"minecraft:deepslate_lapis_ore":13,"minecraft:gold_block":2,"minecraft:pointed_dripstone":1,"minecraft:coal_ore":58,"minecraft:oak_log":21,"minecraft:deepslate_iron_ore":14,"minecraft:gravel":47,"minecraft:dripstone_block":6,"minecraft:dirt":27,"minecraft:stone":136,"minecraft:netherrack":8,"minecraft:oak_leaves":14,"minecraft:deepslate":1162},"minecraft:crafted":{"minecraft:oak_planks":84,"minecraft:diamond_sword":1,"minecraft:cooked_porkchop":8,"minecraft:crafting_table":5,"minecraft:wooden_pickaxe":2,"minecraft:cooked_chicken":4,"minecraft:furnace":4,"minecraft:bucket":1,"minecraft:birch_planks":24,"minecraft:stone_axe":1,"minecraft:cooked_mutton":5,"minecraft:air":0,"minecraft:diamond_helmet":1,"minecraft:diamond_leggings":1,"minecraft:diamond_pickaxe":1,"minecraft:iron_chestplate":1,"minecraft:iron_boots":1,"minecraft:shield":1,"minecraft:stick":52,"minecraft:iron_ingot":34,"minecraft:iron_pickaxe":3,"minecraft:stone_pickaxe":3,"minecraft:torch":104},"minecraft:killed_by":{"minecraft:skeleton":2},"minecraft:broken":{"minecraft:stone_pickaxe":2,"minecraft:stone_axe":1,"minecraft:iron_pickaxe":2}},"DataVersion":4082}