{"stats":{"minecraft:broken":{"minecraft:stone_pickaxe":1},"minecraft:custom":{"minecraft:time_since_rest":14924,"minecraft:interact_with_furnace":1,"minecraft:sprint_one_cm":50045,"minecraft:damage_taken":90,"minecraft:walk_one_cm":16797,"minecraft:mob_kills":4,"minecraft:damage_dealt":409,"minecraft:swim_one_cm":3598,"minecraft:interact_with_crafting_table":7,"minecraft:fly_one_cm":92521,"minecraft:open_chest":3,"minecraft:crouch_one_cm":4287,"minecraft:play_time":14924,"minecraft:sneak_time":2246,"minecraft:walk_under_water_one_cm":101,"minecraft:boat_one_cm":46453,"minecraft:jump":345,"minecraft:time_since_death":14924,"minecraft:walk_on_water_one_cm":2004,"minecraft:total_world_time":14924,"minecraft:fall_one_cm":11088},"minecraft:killed":{"minecraft:pig":4},"minecraft:crafted":{"minecraft:wooden_sword":1,"minecraft:oak_boat":1,"minecraft:oak_planks":228,"minecraft:crafting_table":2,"minecraft:stick":4,"minecraft:wooden_pickaxe":1,"minecraft:stone_pickaxe":1,"minecraft:wooden_axe":2,"minecraft:furnace":1,"minecraft:torch":4},"minecraft:mined":{"minecraft:hay_block":12,"minecraft:oak_sapling":1,"minecraft:iron_ore":1,"minecraft:andesite":16,"minecraft:crafting_table":1,"minecraft:short_grass":2,"minecraft:coal_ore":16,"minecraft:oak_log":3,"minecraft:stone":105,"minecraft:diorite":10},"minecraft:picked_up":{"minecraft:birch_log":23,"minecraft:raw_iron":1,"minecraft:stick":35,"minecraft:crafting_table":1,"minecraft:andesite":15,"minecraft:porkchop":8,"minecraft:oak_log":57,"minecraft:diorite":10,"minecraft:apple":9,"minecraft:hay_block":12,"minecraft:oak_sapling":21,"minecraft:birch_sapling":11,"minecraft:coal":16,"minecraft:cobblestone":103},"minecraft:used":{"minecraft:wooden_axe":16,"minecraft:apple":4,"minecraft:stone_pickaxe":131,"minecraft:wooden_pickaxe":17,"minecraft:wooden_sword":2,"minecraft:crafting_table":3,"minecraft:furnace":1,"minecraft:oak_boat":1}},"DataVersion":4082}