{"stats":{"minecraft:broken":{"minecraft:stone_pickaxe":1},"minecraft:custom":{"minecraft:time_since_rest":9960,"minecraft:interact_with_furnace":3,"minecraft:sprint_one_cm":90324,"minecraft:damage_taken":989,"minecraft:walk_one_cm":43757,"minecraft:mob_kills":9,"minecraft:damage_dealt":1458,"minecraft:swim_one_cm":4401,"minecraft:interact_with_crafting_table":10,"minecraft:fly_one_cm":147401,"minecraft:open_chest":7,"minecraft:bell_ring":1,"minecraft:deaths":2,"minecraft:crouch_one_cm":6595,"minecraft:play_time":36561,"minecraft:sneak_time":3054,"minecraft:walk_under_water_one_cm":207,"minecraft:boat_one_cm":46453,"minecraft:jump":605,"minecraft:leave_game":1,"minecraft:time_since_death":9922,"minecraft:walk_on_water_one_cm":2081,"minecraft:total_world_time":36561,"minecraft:fall_one_cm":19891,"minecraft:damage_blocked_by_shield":765},"minecraft:killed_by":{"minecraft:skeleton":1,"minecraft:zombie":1},"minecraft:killed":{"minecraft:zombie":3,"minecraft:pig":4,"minecraft:chicken":1,"minecraft:skeleton":1},"minecraft:crafted":{"minecraft:wooden_sword":1,"minecraft:oak_boat":1,"minecraft:oak_planks":228,"minecraft:cooked_porkchop":8,"minecraft:shield":1,"minecraft:crafting_table":2,"minecraft:stick":4,"minecraft:iron_ingot":8,"minecraft:wooden_pickaxe":1,"minecraft:iron_pickaxe":1,"minecraft:stone_pickaxe":1,"minecraft:wooden_axe":2,"minecraft:iron_sword":1,"minecraft:furnace":1,"minecraft:torch":4,"minecraft:air":0},"minecraft:mined":{"minecraft:hay_block":12,"minecraft:oak_sapling":1,"minecraft:iron_ore":26,"minecraft:andesite":33,"minecraft:crafting_table":1,"minecraft:short_grass":2,"minecraft:coal_ore":16,"minecraft:oak_log":3,"minecraft:deepslate_iron_ore":1,"minecraft:cobblestone":2,"minecraft:stone":140,"minecraft:deepslate":3,"minecraft:diorite":16,"minecraft:wall_torch":2},"minecraft:picked_up":{"minecraft:birch_log":23,"minecraft:raw_iron":27,"minecraft:stick":35,"minecraft:crafting_table":1,"minecraft:feather":2,"minecraft:chicken":1,"minecraft:andesite":33,"minecraft:torch":2,"minecraft:porkchop":8,"minecraft:oak_log":57,"minecraft:diorite":16,"minecraft:rotten_flesh":4,"minecraft:apple":9,"minecraft:wheat_seeds":1,"minecraft:cobbled_deepslate":3,"minecraft:hay_block":12,"minecraft:oak_sapling":21,"minecraft:birch_sapling":11,"minecraft:coal":16,"minecraft:cobblestone":139},"minecraft:used":{"minecraft:wooden_axe":17,"minecraft:apple":8,"minecraft:stone_pickaxe":195,"minecraft:iron_pickaxe":25,"minecraft:shield":15,"minecraft:wooden_pickaxe":17,"minecraft:iron_sword":20,"minecraft:torch":4,"minecraft:wooden_sword":2,"minecraft:cobblestone":8,"minecraft:crafting_table":3,"minecraft:furnace":1,"minecraft:cooked_porkchop":3,"minecraft:oak_boat":1}},"DataVersion":4082}