{"stats":{"minecraft:custom":{"minecraft:time_since_rest":2924,"minecraft:crouch_one_cm":320,"minecraft:play_time":2924,"minecraft:sprint_one_cm":11907,"minecraft:damage_taken":20,"minecraft:walk_one_cm":3130,"minecraft:sneak_time":153,"minecraft:jump":92,"minecraft:time_since_death":2924,"minecraft:total_world_time":2924,"minecraft:interact_with_crafting_table":4,"minecraft:fall_one_cm":2879,"minecraft:fly_one_cm":26236},"minecraft:crafted":{"minecraft:wooden_sword":1,"minecraft:oak_planks":228,"minecraft:crafting_table":1,"minecraft:stick":4,"minecraft:wooden_pickaxe":1,"minecraft:wooden_axe":2},"minecraft:mined":{"minecraft:short_grass":2,"minecraft:oak_log":3,"minecraft:oak_sapling":1,"minecraft:crafting_table":1},"minecraft:picked_up":{"minecraft:birch_log":23,"minecraft:crafting_table":1,"minecraft:stick":35,"minecraft:apple":9,"minecraft:oak_log":57,"minecraft:oak_sapling":21,"minecraft:birch_sapling":11},"minecraft:used":{"minecraft:wooden_axe":1,"minecraft:crafting_table":1}},"DataVersion":4082}