{"stats":{"minecraft:broken":{"minecraft:wooden_pickaxe":1},"minecraft:dropped":{"minecraft:wheat_seeds":1,"minecraft:birch_sapling":12,"minecraft:oak_sapling":64,"minecraft:sunflower":4,"minecraft:pink_petals":6},"minecraft:custom":{"minecraft:time_since_rest":242,"minecraft:interact_with_furnace":11,"minecraft:sprint_one_cm":111254,"minecraft:damage_taken":635,"minecraft:walk_one_cm":56464,"minecraft:mob_kills":22,"minecraft:drop":5,"minecraft:damage_dealt":2134,"minecraft:swim_one_cm":5678,"minecraft:interact_with_crafting_table":5,"minecraft:fly_one_cm":203700,"minecraft:crouch_one_cm":2012,"minecraft:play_time":34149,"minecraft:walk_under_water_one_cm":93,"minecraft:sneak_time":629,"minecraft:jump":923,"minecraft:walk_on_water_one_cm":296,"minecraft:time_since_death":34149,"minecraft:sleep_in_bed":2,"minecraft:total_world_time":34149,"minecraft:fall_one_cm":28281},"minecraft:mined":{"minecraft:white_bed":1,"minecraft:furnace":3,"minecraft:birch_leaves":1,"minecraft:crafting_table":4,"minecraft:short_grass":3,"minecraft:grass_block":1,"minecraft:coal_ore":20,"minecraft:oak_log":6,"minecraft:sunflower":4,"minecraft:dirt":5,"minecraft:tall_grass":3,"minecraft:stone":87,"minecraft:sugar_cane":1},"minecraft:killed":{"minecraft:sheep":7,"minecraft:pig":4,"minecraft:cow":11},"minecraft:crafted":{"minecraft:cooked_beef":9,"minecraft:oak_planks":36,"minecraft:cooked_porkchop":2,"minecraft:crafting_table":1,"minecraft:stick":8,"minecraft:wooden_pickaxe":1,"minecraft:stone_pickaxe":1,"minecraft:stone_sword":1,"minecraft:furnace":1,"minecraft:white_bed":1,"minecraft:stone_axe":1,"minecraft:cooked_mutton":2,"minecraft:air":0},"minecraft:picked_up":{"minecraft:birch_log":29,"minecraft:stick":72,"minecraft:pink_petals":6,"minecraft:crafting_table":4,"minecraft:leather":7,"minecraft:porkchop":5,"minecraft:oak_log":196,"minecraft:white_bed":1,"minecraft:dirt":18,"minecraft:cooked_mutton":2,"minecraft:apple":6,"minecraft:wheat_seeds":1,"minecraft:beef":24,"minecraft:sugar_cane":4,"minecraft:oak_planks":16,"minecraft:birch_sapling":12,"minecraft:oak_sapling":82,"minecraft:mutton":10,"minecraft:coal":23,"minecraft:sunflower":4,"minecraft:white_wool":7,"minecraft:cobblestone":90,"minecraft:furnace":3},"minecraft:used":{"minecraft:cooked_mutton":4,"minecraft:apple":6,"minecraft:stone_sword":25,"minecraft:stone_pickaxe":51,"minecraft:wooden_pickaxe":59,"minecraft:stone_axe":11,"minecraft:dirt":8,"minecraft:crafting_table":4,"minecraft:furnace":3,"minecraft:cooked_porkchop":2,"minecraft:cooked_beef":1,"minecraft:white_bed":2}},"DataVersion":4082}