{"stats":{"minecraft:broken":{"minecraft:stone_sword":1,"minecraft:wooden_pickaxe":1,"minecraft:stone_pickaxe":3,"minecraft:iron_pickaxe":1},"minecraft:dropped":{"minecraft:wheat_seeds":1,"minecraft:dripstone_block":4,"minecraft:cobblestone":17,"minecraft:stick":1,"minecraft:cracked_polished_blackstone_bricks":3,"minecraft:dirt":3,"minecraft:diorite":8,"minecraft:sunflower":4,"minecraft:polished_blackstone_bricks":7,"minecraft:pink_petals":6,"minecraft:birch_log":29,"minecraft:white_wool":4,"minecraft:gravel":2,"minecraft:furnace":3,"minecraft:sugar_cane":4,"minecraft:cobbled_deepslate":9,"minecraft:tuff":1,"minecraft:birch_sapling":12,"minecraft:rotten_flesh":21,"minecraft:gunpowder":1,"minecraft:oak_sapling":82,"minecraft:spider_eye":1,"minecraft:arrow":7,"minecraft:bow":2,"minecraft:raw_gold":3,"minecraft:crying_obsidian":3},"minecraft:custom":{"minecraft:mob_kills":60,"minecraft:interact_with_crafting_table":20,"minecraft:leave_game":1,"minecraft:time_since_death":117755,"minecraft:sprint_one_cm":173567,"minecraft:walk_one_cm":323234,"minecraft:damage_blocked_by_shield":1378,"minecraft:drop":48,"minecraft:play_time":117755,"minecraft:sneak_time":9557,"minecraft:walk_under_water_one_cm":550,"minecraft:jump":1996,"minecraft:walk_on_water_one_cm":5843,"minecraft:total_world_time":117755,"minecraft:interact_with_furnace":58,"minecraft:sleep_in_bed":2,"minecraft:time_since_rest":83848,"minecraft:damage_taken":2934,"minecraft:damage_dealt":10073,"minecraft:swim_one_cm":5678,"minecraft:fly_one_cm":447595,"minecraft:open_chest":16,"minecraft:crouch_one_cm":30035,"minecraft:fall_one_cm":58952},"minecraft:killed":{"minecraft:spider":3,"minecraft:skeleton":12,"minecraft:piglin":1,"minecraft:pig":4,"minecraft:zombie_villager":1,"minecraft:sheep":7,"minecraft:zombie":20,"minecraft:cow":11,"minecraft:enderman":1},"minecraft:crafted":{"minecraft:oak_planks":40,"minecraft:furnace":4,"minecraft:cooked_mutton":8,"minecraft:flint_and_steel":1,"minecraft:iron_boots":1,"minecraft:stone_pickaxe":3,"minecraft:redstone_block":20,"minecraft:cooked_beef":24,"minecraft:cooked_porkchop":5,"minecraft:crafting_table":4,"minecraft:wooden_pickaxe":1,"minecraft:iron_helmet":1,"minecraft:iron_sword":1,"minecraft:bucket":1,"minecraft:stone_axe":2,"minecraft:air":0,"minecraft:iron_chestplate":1,"minecraft:shield":1,"minecraft:stick":8,"minecraft:iron_ingot":56,"minecraft:iron_pickaxe":2,"minecraft:stone_sword":1,"minecraft:iron_leggings":1,"minecraft:white_bed":1},"minecraft:mined":{"minecraft:tuff":10,"minecraft:white_bed":2,"minecraft:deepslate_diamond_ore":47,"minecraft:grass_block":1,"minecraft:cracked_polished_blackstone_bricks":22,"minecraft:gilded_blackstone":3,"minecraft:polished_blackstone_bricks":26,"minecraft:furnace":8,"minecraft:iron_ore":47,"minecraft:fire":2,"minecraft:deepslate_iron_ore":140,"minecraft:stone":135,"minecraft:bone_block":35,"minecraft:deepslate_redstone_ore":50,"minecraft:blackstone":49,"minecraft:crafting_table":9,"minecraft:short_grass":3,"minecraft:tall_grass":3,"minecraft:cobblestone":3,"minecraft:deepslate_gold_ore":3,"minecraft:lapis_ore":5,"minecraft:sugar_cane":1,"minecraft:diorite":8,"minecraft:birch_leaves":1,"minecraft:coal_ore":79,"minecraft:oak_log":6,"minecraft:sunflower":4,"minecraft:gravel":3,"minecraft:dripstone_block":2,"minecraft:dirt":6,"minecraft:netherrack":60,"minecraft:deepslate":194},"minecraft:picked_up":{"minecraft:crafting_table":9,"minecraft:gilded_blackstone":3,"minecraft:string":3,"minecraft:blackstone":48,"minecraft:cobbled_deepslate":194,"minecraft:beef":24,"minecraft:sugar_cane":4,"minecraft:birch_sapling":12,"minecraft:furnace":11,"minecraft:stick":72,"minecraft:raw_iron":187,"minecraft:porkchop":5,"minecraft:polished_blackstone_bricks":21,"minecraft:diorite":8,"minecraft:redstone":224,"minecraft:rotten_flesh":21,"minecraft:arrow":8,"minecraft:mutton":10,"minecraft:white_wool":7,"minecraft:bone_block":34,"minecraft:cobblestone":141,"minecraft:birch_log":29,"minecraft:pink_petals":6,"minecraft:leather":7,"minecraft:flint":1,"minecraft:tuff":5,"minecraft:oak_log":196,"minecraft:gunpowder":1,"minecraft:lapis_lazuli":39,"minecraft:dirt":19,"minecraft:cooked_mutton":2,"minecraft:bone":14,"minecraft:apple":6,"minecraft:bow":2,"minecraft:wheat_seeds":1,"minecraft:raw_gold":3,"minecraft:iron_ingot":3,"minecraft:oak_planks":16,"minecraft:dripstone_block":5,"minecraft:gravel":2,"minecraft:white_bed":2,"minecraft:crying_obsidian":3,"minecraft:spider_eye":1,"minecraft:diamond":47,"minecraft:cracked_polished_blackstone_bricks":14,"minecraft:oak_sapling":82,"minecraft:netherrack":60,"minecraft:coal":153,"minecraft:sunflower":4},"minecraft:used":{"minecraft:stone_sword":132,"minecraft:flint_and_steel":2,"minecraft:shield":21,"minecraft:iron_sword":36,"minecraft:dirt":16,"minecraft:tuff":4,"minecraft:lava_bucket":11,"minecraft:bow":2,"minecraft:furnace":8,"minecraft:cooked_beef":20,"minecraft:cobbled_deepslate":81,"minecraft:cooked_mutton":10,"minecraft:water_bucket":4,"minecraft:stone_pickaxe":394,"minecraft:blackstone":45,"minecraft:wooden_pickaxe":59,"minecraft:crafting_table":13,"minecraft:white_bed":2,"minecraft:dripstone_block":1,"minecraft:diamond_pickaxe":24,"minecraft:apple":6,"minecraft:iron_pickaxe":450,"minecraft:stone_axe":16,"minecraft:cobblestone":75,"minecraft:cooked_porkchop":2,"minecraft:bucket":16}},"DataVersion":4082}