{"stats":{"minecraft:broken":{"minecraft:stone_sword":1,"minecraft:wooden_pickaxe":1,"minecraft:stone_pickaxe":3,"minecraft:iron_pickaxe":1},"minecraft:dropped":{"minecraft:wheat_seeds":1,"minecraft:oak_log":188,"minecraft:diamond":1,"minecraft:dripstone_block":4,"minecraft:cobblestone":17,"minecraft:leather":1,"minecraft:stick":1,"minecraft:cracked_polished_blackstone_bricks":3,"minecraft:dirt":3,"minecraft:diorite":8,"minecraft:sunflower":4,"minecraft:polished_blackstone_bricks":7,"minecraft:pink_petals":6,"minecraft:birch_log":29,"minecraft:white_wool":4,"minecraft:gravel":2,"minecraft:furnace":3,"minecraft:sugar_cane":4,"minecraft:cobbled_deepslate":20,"minecraft:tuff":1,"minecraft:birch_sapling":12,"minecraft:rotten_flesh":21,"minecraft:oak_planks":18,"minecraft:gunpowder":1,"minecraft:oak_sapling":82,"minecraft:spider_eye":1,"minecraft:arrow":7,"minecraft:bow":2,"minecraft:raw_gold":3,"minecraft:crying_obsidian":3,"minecraft:netherrack":4},"minecraft:custom":{"minecraft:interact_with_smithing_table":3,"minecraft:mob_kills":90,"minecraft:interact_with_crafting_table":27,"minecraft:leave_game":3,"minecraft:time_since_death":163491,"minecraft:climb_one_cm":794,"minecraft:sprint_one_cm":313993,"minecraft:walk_one_cm":387800,"minecraft:damage_blocked_by_shield":1468,"minecraft:drop":59,"minecraft:play_time":163491,"minecraft:sneak_time":10265,"minecraft:walk_under_water_one_cm":7249,"minecraft:boat_one_cm":54776,"minecraft:jump":3487,"minecraft:walk_on_water_one_cm":12364,"minecraft:total_world_time":163491,"minecraft:interact_with_furnace":100,"minecraft:sleep_in_bed":3,"minecraft:time_since_rest":15165,"minecraft:damage_taken":3434,"minecraft:damage_dealt":13933,"minecraft:swim_one_cm":24725,"minecraft:fly_one_cm":801970,"minecraft:open_chest":37,"minecraft:crouch_one_cm":32287,"minecraft:fall_one_cm":112951},"minecraft:killed":{"minecraft:spider":4,"minecraft:skeleton":12,"minecraft:horse":6,"minecraft:piglin":1,"minecraft:pig":4,"minecraft:zombie_villager":1,"minecraft:sheep":8,"minecraft:zombie":20,"minecraft:cow":33,"minecraft:enderman":1},"minecraft:crafted":{"minecraft:oak_planks":92,"minecraft:furnace":8,"minecraft:cooked_mutton":8,"minecraft:flint_and_steel":1,"minecraft:iron_boots":1,"minecraft:stone_pickaxe":3,"minecraft:chest":4,"minecraft:redstone_block":20,"minecraft:netherite_scrap":3,"minecraft:cooked_beef":34,"minecraft:cooked_porkchop":5,"minecraft:crafting_table":6,"minecraft:wooden_pickaxe":1,"minecraft:iron_helmet":1,"minecraft:iron_sword":1,"minecraft:smithing_table":1,"minecraft:bucket":1,"minecraft:stone_axe":2,"minecraft:air":0,"minecraft:oak_boat":1,"minecraft:iron_chestplate":1,"minecraft:shield":1,"minecraft:stick":8,"minecraft:iron_ingot":133,"minecraft:iron_pickaxe":2,"minecraft:stone_sword":1,"minecraft:gold_ingot":4,"minecraft:iron_leggings":1,"minecraft:white_bed":1,"minecraft:netherite_ingot":1},"minecraft:mined":{"minecraft:tuff":35,"minecraft:white_bed":3,"minecraft:deepslate_diamond_ore":49,"minecraft:grass_block":1,"minecraft:cracked_polished_blackstone_bricks":22,"minecraft:gilded_blackstone":3,"minecraft:polished_blackstone_bricks":26,"minecraft:furnace":8,"minecraft:iron_ore":47,"minecraft:cobbled_deepslate":1,"minecraft:fire":2,"minecraft:deepslate_lapis_ore":6,"minecraft:deepslate_iron_ore":140,"minecraft:bamboo":6,"minecraft:stone":135,"minecraft:bone_block":54,"minecraft:deepslate_redstone_ore":63,"minecraft:blackstone":49,"minecraft:crafting_table":9,"minecraft:short_grass":3,"minecraft:lectern":1,"minecraft:tall_grass":3,"minecraft:cobblestone":3,"minecraft:lapis_ore":5,"minecraft:deepslate_gold_ore":3,"minecraft:sugar_cane":1,"minecraft:diorite":8,"minecraft:birch_leaves":1,"minecraft:oak_log":6,"minecraft:coal_ore":79,"minecraft:dark_oak_sapling":4,"minecraft:sunflower":4,"minecraft:gravel":3,"minecraft:dripstone_block":2,"minecraft:dirt":6,"minecraft:netherrack":60,"minecraft:oak_leaves":1,"minecraft:deepslate":476,"minecraft:fern":1},"minecraft:picked_up":{"minecraft:crafting_table":9,"minecraft:gilded_blackstone":3,"minecraft:string":4,"minecraft:blackstone":48,"minecraft:cobbled_deepslate":229,"minecraft:beef":67,"minecraft:oak_boat":1,"minecraft:lectern":1,"minecraft:sugar_cane":4,"minecraft:birch_sapling":12,"minecraft:furnace":11,"minecraft:dark_oak_sapling":62,"minecraft:stick":72,"minecraft:raw_iron":187,"minecraft:porkchop":5,"minecraft:polished_blackstone_bricks":21,"minecraft:diorite":8,"minecraft:redstone":242,"minecraft:rotten_flesh":21,"minecraft:arrow":8,"minecraft:mutton":10,"minecraft:bone_block":54,"minecraft:white_wool":7,"minecraft:cobblestone":141,"minecraft:birch_log":29,"minecraft:pink_petals":6,"minecraft:leather":8,"minecraft:flint":1,"minecraft:tuff":5,"minecraft:oak_log":325,"minecraft:gunpowder":1,"minecraft:lapis_lazuli":72,"minecraft:dirt":19,"minecraft:cooked_mutton":2,"minecraft:bone":14,"minecraft:apple":6,"minecraft:bow":2,"minecraft:wheat_seeds":1,"minecraft:raw_gold":3,"minecraft:iron_ingot":3,"minecraft:bamboo":33,"minecraft:oak_planks":31,"minecraft:dripstone_block":5,"minecraft:gravel":2,"minecraft:white_bed":3,"minecraft:crying_obsidian":3,"minecraft:spider_eye":1,"minecraft:diamond":50,"minecraft:cracked_polished_blackstone_bricks":14,"minecraft:oak_sapling":82,"minecraft:netherrack":62,"minecraft:coal":153,"minecraft:sunflower":4},"minecraft:used":{"minecraft:stone_sword":132,"minecraft:flint_and_steel":2,"minecraft:chest":4,"minecraft:shield":22,"minecraft:iron_sword":112,"minecraft:netherrack":34,"minecraft:dirt":16,"minecraft:carrot":6,"minecraft:tuff":4,"minecraft:lava_bucket":11,"minecraft:bow":2,"minecraft:furnace":12,"minecraft:cooked_beef":26,"minecraft:cobbled_deepslate":144,"minecraft:cooked_mutton":10,"minecraft:water_bucket":17,"minecraft:stone_pickaxe":394,"minecraft:blackstone":45,"minecraft:wooden_pickaxe":59,"minecraft:crafting_table":15,"minecraft:white_bed":4,"minecraft:dripstone_block":1,"minecraft:diamond_pickaxe":372,"minecraft:apple":6,"minecraft:iron_pickaxe":450,"minecraft:stone_axe":17,"minecraft:cobblestone":75,"minecraft:cooked_porkchop":6,"minecraft:smithing_table":1,"minecraft:bucket":29,"minecraft:oak_boat":2}},"DataVersion":4082}