{"stats":{"minecraft:broken":{"minecraft:stone_pickaxe":1,"minecraft:wooden_pickaxe":1},"minecraft:dropped":{"minecraft:wheat_seeds":1,"minecraft:birch_sapling":12,"minecraft:rotten_flesh":2,"minecraft:oak_sapling":64,"minecraft:sunflower":4,"minecraft:pink_petals":6},"minecraft:custom":{"minecraft:interact_with_furnace":11,"minecraft:mob_kills":24,"minecraft:interact_with_crafting_table":7,"minecraft:time_since_death":46149,"minecraft:sleep_in_bed":2,"minecraft:time_since_rest":12242,"minecraft:sprint_one_cm":122202,"minecraft:damage_taken":1270,"minecraft:walk_one_cm":92000,"minecraft:drop":6,"minecraft:damage_dealt":2454,"minecraft:swim_one_cm":5678,"minecraft:fly_one_cm":222528,"minecraft:crouch_one_cm":4093,"minecraft:play_time":46149,"minecraft:sneak_time":1395,"minecraft:walk_under_water_one_cm":93,"minecraft:jump":1118,"minecraft:walk_on_water_one_cm":419,"minecraft:total_world_time":46149,"minecraft:fall_one_cm":39201},"minecraft:killed":{"minecraft:pig":4,"minecraft:skeleton":1,"minecraft:sheep":7,"minecraft:zombie":1,"minecraft:cow":11},"minecraft:mined":{"minecraft:white_bed":2,"minecraft:crafting_table":5,"minecraft:short_grass":3,"minecraft:grass_block":1,"minecraft:tall_grass":3,"minecraft:lapis_ore":2,"minecraft:sugar_cane":1,"minecraft:diorite":8,"minecraft:furnace":3,"minecraft:iron_ore":37,"minecraft:birch_leaves":1,"minecraft:oak_log":6,"minecraft:coal_ore":79,"minecraft:sunflower":4,"minecraft:dripstone_block":2,"minecraft:dirt":5,"minecraft:stone":135},"minecraft:crafted":{"minecraft:cooked_beef":9,"minecraft:oak_planks":36,"minecraft:cooked_porkchop":2,"minecraft:crafting_table":1,"minecraft:wooden_pickaxe":1,"minecraft:furnace":1,"minecraft:stone_axe":2,"minecraft:cooked_mutton":2,"minecraft:air":0,"minecraft:stick":8,"minecraft:stone_pickaxe":2,"minecraft:stone_sword":1,"minecraft:white_bed":1},"minecraft:picked_up":{"minecraft:birch_log":29,"minecraft:pink_petals":6,"minecraft:crafting_table":5,"minecraft:leather":7,"minecraft:oak_log":196,"minecraft:lapis_lazuli":16,"minecraft:dirt":18,"minecraft:cooked_mutton":2,"minecraft:apple":6,"minecraft:bow":1,"minecraft:wheat_seeds":1,"minecraft:beef":24,"minecraft:sugar_cane":4,"minecraft:birch_sapling":12,"minecraft:oak_planks":16,"minecraft:furnace":3,"minecraft:stick":72,"minecraft:raw_iron":37,"minecraft:dripstone_block":2,"minecraft:porkchop":5,"minecraft:diorite":8,"minecraft:white_bed":2,"minecraft:arrow":2,"minecraft:rotten_flesh":2,"minecraft:oak_sapling":82,"minecraft:coal":82,"minecraft:mutton":10,"minecraft:white_wool":7,"minecraft:cobblestone":138,"minecraft:sunflower":4},"minecraft:used":{"minecraft:cooked_mutton":4,"minecraft:stone_sword":31,"minecraft:stone_pickaxe":207,"minecraft:wooden_pickaxe":59,"minecraft:dirt":8,"minecraft:crafting_table":5,"minecraft:white_bed":2,"minecraft:apple":6,"minecraft:stone_axe":12,"minecraft:cobblestone":7,"minecraft:furnace":3,"minecraft:cooked_porkchop":2,"minecraft:cooked_beef":6}},"DataVersion":4082}