{"stats":{"minecraft:broken":{"minecraft:stone_pickaxe":3,"minecraft:wooden_pickaxe":1},"minecraft:dropped":{"minecraft:furnace":3,"minecraft:sugar_cane":4,"minecraft:wheat_seeds":1,"minecraft:cobbled_deepslate":9,"minecraft:dripstone_block":4,"minecraft:birch_sapling":12,"minecraft:cobblestone":6,"minecraft:rotten_flesh":18,"minecraft:dirt":3,"minecraft:diorite":8,"minecraft:oak_sapling":82,"minecraft:spider_eye":1,"minecraft:sunflower":4,"minecraft:pink_petals":6,"minecraft:white_wool":4},"minecraft:custom":{"minecraft:interact_with_furnace":58,"minecraft:mob_kills":46,"minecraft:interact_with_crafting_table":15,"minecraft:leave_game":1,"minecraft:time_since_death":81755,"minecraft:sleep_in_bed":2,"minecraft:time_since_rest":47848,"minecraft:sprint_one_cm":156169,"minecraft:damage_taken":2174,"minecraft:walk_one_cm":236260,"minecraft:damage_blocked_by_shield":380,"minecraft:drop":28,"minecraft:damage_dealt":6690,"minecraft:swim_one_cm":5678,"minecraft:fly_one_cm":259925,"minecraft:play_time":81755,"minecraft:crouch_one_cm":11846,"minecraft:sneak_time":3810,"minecraft:walk_under_water_one_cm":550,"minecraft:jump":1615,"minecraft:walk_on_water_one_cm":4752,"minecraft:total_world_time":81755,"minecraft:fall_one_cm":48306},"minecraft:killed":{"minecraft:pig":4,"minecraft:zombie_villager":1,"minecraft:spider":2,"minecraft:sheep":7,"minecraft:skeleton":5,"minecraft:zombie":16,"minecraft:cow":11},"minecraft:mined":{"minecraft:deepslate_redstone_ore":37,"minecraft:tuff":6,"minecraft:white_bed":2,"minecraft:deepslate_diamond_ore":46,"minecraft:crafting_table":5,"minecraft:short_grass":3,"minecraft:grass_block":1,"minecraft:tall_grass":3,"minecraft:cobblestone":3,"minecraft:lapis_ore":5,"minecraft:deepslate_gold_ore":3,"minecraft:sugar_cane":1,"minecraft:diorite":8,"minecraft:furnace":8,"minecraft:iron_ore":47,"minecraft:fire":2,"minecraft:birch_leaves":1,"minecraft:oak_log":6,"minecraft:coal_ore":79,"minecraft:deepslate_iron_ore":96,"minecraft:sunflower":4,"minecraft:dripstone_block":2,"minecraft:dirt":6,"minecraft:stone":135,"minecraft:deepslate":159},"minecraft:crafted":{"minecraft:cooked_beef":24,"minecraft:oak_planks":36,"minecraft:cooked_porkchop":5,"minecraft:crafting_table":3,"minecraft:iron_helmet":1,"minecraft:wooden_pickaxe":1,"minecraft:furnace":4,"minecraft:bucket":1,"minecraft:stone_axe":2,"minecraft:cooked_mutton":8,"minecraft:air":0,"minecraft:iron_boots":1,"minecraft:iron_chestplate":1,"minecraft:shield":1,"minecraft:stick":8,"minecraft:iron_ingot":47,"minecraft:iron_pickaxe":1,"minecraft:stone_pickaxe":3,"minecraft:stone_sword":1,"minecraft:iron_leggings":1,"minecraft:white_bed":1},"minecraft:picked_up":{"minecraft:birch_log":29,"minecraft:pink_petals":6,"minecraft:crafting_table":5,"minecraft:leather":7,"minecraft:tuff":2,"minecraft:oak_log":196,"minecraft:lapis_lazuli":39,"minecraft:dirt":19,"minecraft:string":3,"minecraft:cooked_mutton":2,"minecraft:bone":7,"minecraft:apple":6,"minecraft:bow":1,"minecraft:wheat_seeds":1,"minecraft:cobbled_deepslate":155,"minecraft:raw_gold":3,"minecraft:iron_ingot":3,"minecraft:beef":24,"minecraft:sugar_cane":4,"minecraft:birch_sapling":12,"minecraft:oak_planks":16,"minecraft:furnace":11,"minecraft:raw_iron":143,"minecraft:stick":72,"minecraft:dripstone_block":4,"minecraft:porkchop":5,"minecraft:diorite":8,"minecraft:white_bed":2,"minecraft:redstone":166,"minecraft:spider_eye":1,"minecraft:arrow":3,"minecraft:rotten_flesh":18,"minecraft:diamond":46,"minecraft:oak_sapling":82,"minecraft:mutton":10,"minecraft:coal":153,"minecraft:white_wool":7,"minecraft:cobblestone":141,"minecraft:sunflower":4},"minecraft:used":{"minecraft:cooked_mutton":10,"minecraft:stone_sword":116,"minecraft:stone_pickaxe":394,"minecraft:wooden_pickaxe":59,"minecraft:shield":6,"minecraft:dirt":16,"minecraft:crafting_table":8,"minecraft:white_bed":2,"minecraft:tuff":2,"minecraft:apple":6,"minecraft:iron_pickaxe":182,"minecraft:stone_axe":12,"minecraft:cobblestone":67,"minecraft:furnace":8,"minecraft:cooked_porkchop":2,"minecraft:bucket":1,"minecraft:cooked_beef":12,"minecraft:cobbled_deepslate":8}},"DataVersion":4082}