{"stats":{"minecraft:broken":{"minecraft:stone_pickaxe":2,"minecraft:wooden_pickaxe":1},"minecraft:custom":{"minecraft:interact_with_furnace":58,"minecraft:mob_kills":46,"minecraft:interact_with_crafting_table":14,"minecraft:time_since_death":70149,"minecraft:sleep_in_bed":2,"minecraft:time_since_rest":36242,"minecraft:sprint_one_cm":147679,"minecraft:damage_taken":2174,"minecraft:walk_one_cm":192279,"minecraft:damage_blocked_by_shield":315,"minecraft:drop":25,"minecraft:damage_dealt":6614,"minecraft:swim_one_cm":5678,"minecraft:fly_one_cm":247166,"minecraft:crouch_one_cm":8513,"minecraft:play_time":70149,"minecraft:sneak_time":2555,"minecraft:walk_under_water_one_cm":550,"minecraft:jump":1470,"minecraft:walk_on_water_one_cm":4752,"minecraft:total_world_time":70149,"minecraft:fall_one_cm":46781},"minecraft:dropped":{"minecraft:furnace":3,"minecraft:wheat_seeds":1,"minecraft:cobbled_deepslate":7,"minecraft:dripstone_block":4,"minecraft:birch_sapling":12,"minecraft:cobblestone":6,"minecraft:rotten_flesh":18,"minecraft:dirt":3,"minecraft:diorite":8,"minecraft:oak_sapling":82,"minecraft:spider_eye":1,"minecraft:sunflower":4,"minecraft:pink_petals":6,"minecraft:white_wool":4},"minecraft:killed":{"minecraft:pig":4,"minecraft:zombie_villager":1,"minecraft:spider":2,"minecraft:skeleton":5,"minecraft:sheep":7,"minecraft:zombie":16,"minecraft:cow":11},"minecraft:mined":{"minecraft:deepslate_redstone_ore":23,"minecraft:tuff":6,"minecraft:white_bed":2,"minecraft:deepslate_diamond_ore":37,"minecraft:crafting_table":5,"minecraft:short_grass":3,"minecraft:grass_block":1,"minecraft:tall_grass":3,"minecraft:cobblestone":2,"minecraft:lapis_ore":5,"minecraft:sugar_cane":1,"minecraft:diorite":8,"minecraft:furnace":8,"minecraft:iron_ore":47,"minecraft:birch_leaves":1,"minecraft:oak_log":6,"minecraft:coal_ore":79,"minecraft:deepslate_iron_ore":77,"minecraft:sunflower":4,"minecraft:dripstone_block":2,"minecraft:dirt":6,"minecraft:stone":135,"minecraft:deepslate":18},"minecraft:crafted":{"minecraft:cooked_beef":24,"minecraft:oak_planks":36,"minecraft:cooked_porkchop":5,"minecraft:crafting_table":2,"minecraft:wooden_pickaxe":1,"minecraft:iron_helmet":1,"minecraft:furnace":4,"minecraft:bucket":1,"minecraft:stone_axe":2,"minecraft:cooked_mutton":8,"minecraft:air":0,"minecraft:iron_boots":1,"minecraft:iron_chestplate":1,"minecraft:shield":1,"minecraft:stick":8,"minecraft:iron_ingot":47,"minecraft:iron_pickaxe":1,"minecraft:stone_pickaxe":2,"minecraft:stone_sword":1,"minecraft:iron_leggings":1,"minecraft:white_bed":1},"minecraft:picked_up":{"minecraft:birch_log":29,"minecraft:pink_petals":6,"minecraft:crafting_table":5,"minecraft:leather":7,"minecraft:tuff":2,"minecraft:oak_log":196,"minecraft:string":3,"minecraft:lapis_lazuli":39,"minecraft:dirt":19,"minecraft:cooked_mutton":2,"minecraft:bone":7,"minecraft:apple":6,"minecraft:bow":1,"minecraft:wheat_seeds":1,"minecraft:cobbled_deepslate":16,"minecraft:iron_ingot":3,"minecraft:beef":24,"minecraft:sugar_cane":4,"minecraft:birch_sapling":12,"minecraft:oak_planks":16,"minecraft:furnace":11,"minecraft:stick":72,"minecraft:raw_iron":124,"minecraft:dripstone_block":4,"minecraft:porkchop":5,"minecraft:diorite":8,"minecraft:white_bed":2,"minecraft:redstone":104,"minecraft:spider_eye":1,"minecraft:arrow":3,"minecraft:rotten_flesh":18,"minecraft:diamond":37,"minecraft:oak_sapling":82,"minecraft:coal":153,"minecraft:mutton":10,"minecraft:white_wool":7,"minecraft:cobblestone":140,"minecraft:sunflower":4},"minecraft:used":{"minecraft:cooked_mutton":10,"minecraft:stone_sword":113,"minecraft:stone_pickaxe":262,"minecraft:shield":5,"minecraft:wooden_pickaxe":59,"minecraft:dirt":16,"minecraft:crafting_table":7,"minecraft:white_bed":2,"minecraft:tuff":2,"minecraft:apple":6,"minecraft:iron_pickaxe":126,"minecraft:stone_axe":12,"minecraft:cobblestone":41,"minecraft:furnace":8,"minecraft:cooked_porkchop":2,"minecraft:bucket":1,"minecraft:cooked_beef":12,"minecraft:cobbled_deepslate":8}},"DataVersion":4082}