{"stats":{"minecraft:broken":{"minecraft:wooden_pickaxe":1},"minecraft:dropped":{"minecraft:wheat_seeds":1,"minecraft:sunflower":4,"minecraft:pink_petals":6},"minecraft:custom":{"minecraft:time_since_rest":11495,"minecraft:interact_with_furnace":8,"minecraft:sprint_one_cm":59141,"minecraft:damage_taken":605,"minecraft:walk_one_cm":42433,"minecraft:mob_kills":11,"minecraft:drop":3,"minecraft:damage_dealt":1114,"minecraft:interact_with_crafting_table":5,"minecraft:fly_one_cm":104999,"minecraft:crouch_one_cm":480,"minecraft:play_time":22149,"minecraft:sneak_time":229,"minecraft:jump":543,"minecraft:time_since_death":22149,"minecraft:sleep_in_bed":1,"minecraft:total_world_time":22149,"minecraft:fall_one_cm":17365},"minecraft:crafted":{"minecraft:oak_planks":24,"minecraft:cooked_porkchop":2,"minecraft:crafting_table":1,"minecraft:stick":8,"minecraft:wooden_pickaxe":1,"minecraft:stone_pickaxe":1,"minecraft:stone_sword":1,"minecraft:furnace":1,"minecraft:white_bed":1,"minecraft:stone_axe":1,"minecraft:cooked_mutton":2,"minecraft:air":0},"minecraft:mined":{"minecraft:white_bed":1,"minecraft:furnace":2,"minecraft:birch_leaves":1,"minecraft:crafting_table":4,"minecraft:short_grass":3,"minecraft:oak_log":6,"minecraft:sunflower":4,"minecraft:dirt":5,"minecraft:tall_grass":3,"minecraft:stone":84},"minecraft:killed":{"minecraft:sheep":3,"minecraft:pig":4,"minecraft:cow":4},"minecraft:picked_up":{"minecraft:stick":2,"minecraft:pink_petals":6,"minecraft:crafting_table":4,"minecraft:leather":1,"minecraft:porkchop":5,"minecraft:oak_log":11,"minecraft:white_bed":1,"minecraft:dirt":17,"minecraft:cooked_mutton":2,"minecraft:wheat_seeds":1,"minecraft:beef":9,"minecraft:oak_sapling":3,"minecraft:mutton":4,"minecraft:coal":3,"minecraft:sunflower":4,"minecraft:white_wool":3,"minecraft:cobblestone":87,"minecraft:furnace":2},"minecraft:used":{"minecraft:cooked_mutton":4,"minecraft:stone_sword":3,"minecraft:stone_pickaxe":27,"minecraft:wooden_pickaxe":59,"minecraft:stone_axe":11,"minecraft:dirt":8,"minecraft:crafting_table":4,"minecraft:furnace":2,"minecraft:cooked_porkchop":2,"minecraft:white_bed":1}},"DataVersion":4082}