{"stats":{"minecraft:broken":{"minecraft:stone_pickaxe":3,"minecraft:stone_sword":1,"minecraft:iron_pickaxe":1,"minecraft:wooden_pickaxe":1},"minecraft:custom":{"minecraft:interact_with_furnace":58,"minecraft:mob_kills":57,"minecraft:interact_with_crafting_table":18,"minecraft:leave_game":1,"minecraft:time_since_death":93755,"minecraft:sleep_in_bed":2,"minecraft:time_since_rest":59848,"minecraft:sprint_one_cm":166076,"minecraft:damage_taken":2785,"minecraft:walk_one_cm":283656,"minecraft:damage_blocked_by_shield":1378,"minecraft:drop":42,"minecraft:damage_dealt":9483,"minecraft:swim_one_cm":5678,"minecraft:fly_one_cm":283222,"minecraft:play_time":93755,"minecraft:crouch_one_cm":15231,"minecraft:sneak_time":4840,"minecraft:walk_under_water_one_cm":550,"minecraft:jump":1840,"minecraft:walk_on_water_one_cm":4906,"minecraft:total_world_time":93755,"minecraft:fall_one_cm":55332},"minecraft:dropped":{"minecraft:gravel":2,"minecraft:furnace":3,"minecraft:sugar_cane":4,"minecraft:wheat_seeds":1,"minecraft:cobbled_deepslate":9,"minecraft:tuff":1,"minecraft:dripstone_block":4,"minecraft:birch_sapling":12,"minecraft:cobblestone":6,"minecraft:rotten_flesh":21,"minecraft:stick":1,"minecraft:dirt":3,"minecraft:gunpowder":1,"minecraft:diorite":8,"minecraft:oak_sapling":82,"minecraft:spider_eye":1,"minecraft:sunflower":4,"minecraft:arrow":7,"minecraft:bow":2,"minecraft:raw_gold":3,"minecraft:pink_petals":6,"minecraft:white_wool":4},"minecraft:killed":{"minecraft:pig":4,"minecraft:zombie_villager":1,"minecraft:spider":3,"minecraft:sheep":7,"minecraft:skeleton":10,"minecraft:zombie":20,"minecraft:enderman":1,"minecraft:cow":11},"minecraft:mined":{"minecraft:deepslate_redstone_ore":50,"minecraft:tuff":10,"minecraft:white_bed":2,"minecraft:deepslate_diamond_ore":47,"minecraft:crafting_table":8,"minecraft:short_grass":3,"minecraft:grass_block":1,"minecraft:tall_grass":3,"minecraft:cobblestone":3,"minecraft:lapis_ore":5,"minecraft:deepslate_gold_ore":3,"minecraft:sugar_cane":1,"minecraft:diorite":8,"minecraft:furnace":8,"minecraft:iron_ore":47,"minecraft:fire":2,"minecraft:birch_leaves":1,"minecraft:oak_log":6,"minecraft:coal_ore":79,"minecraft:deepslate_iron_ore":140,"minecraft:sunflower":4,"minecraft:gravel":3,"minecraft:dripstone_block":2,"minecraft:dirt":6,"minecraft:stone":135,"minecraft:deepslate":175},"minecraft:crafted":{"minecraft:cooked_beef":24,"minecraft:oak_planks":40,"minecraft:cooked_porkchop":5,"minecraft:crafting_table":4,"minecraft:iron_helmet":1,"minecraft:wooden_pickaxe":1,"minecraft:iron_sword":1,"minecraft:furnace":4,"minecraft:bucket":1,"minecraft:stone_axe":2,"minecraft:cooked_mutton":8,"minecraft:air":0,"minecraft:iron_boots":1,"minecraft:iron_chestplate":1,"minecraft:shield":1,"minecraft:stick":8,"minecraft:iron_ingot":47,"minecraft:iron_pickaxe":2,"minecraft:stone_pickaxe":3,"minecraft:stone_sword":1,"minecraft:redstone_block":20,"minecraft:iron_leggings":1,"minecraft:white_bed":1},"minecraft:picked_up":{"minecraft:birch_log":29,"minecraft:pink_petals":6,"minecraft:crafting_table":8,"minecraft:leather":7,"minecraft:flint":1,"minecraft:tuff":5,"minecraft:oak_log":196,"minecraft:gunpowder":1,"minecraft:lapis_lazuli":39,"minecraft:dirt":19,"minecraft:string":3,"minecraft:cooked_mutton":2,"minecraft:bone":12,"minecraft:apple":6,"minecraft:bow":2,"minecraft:wheat_seeds":1,"minecraft:cobbled_deepslate":173,"minecraft:raw_gold":3,"minecraft:iron_ingot":3,"minecraft:beef":24,"minecraft:sugar_cane":4,"minecraft:birch_sapling":12,"minecraft:oak_planks":16,"minecraft:furnace":11,"minecraft:raw_iron":187,"minecraft:stick":72,"minecraft:gravel":2,"minecraft:dripstone_block":5,"minecraft:porkchop":5,"minecraft:diorite":8,"minecraft:white_bed":2,"minecraft:redstone":224,"minecraft:spider_eye":1,"minecraft:arrow":8,"minecraft:rotten_flesh":21,"minecraft:diamond":47,"minecraft:oak_sapling":82,"minecraft:mutton":10,"minecraft:coal":153,"minecraft:white_wool":7,"minecraft:cobblestone":141,"minecraft:sunflower":4},"minecraft:used":{"minecraft:cooked_mutton":10,"minecraft:water_bucket":1,"minecraft:stone_sword":132,"minecraft:stone_pickaxe":394,"minecraft:wooden_pickaxe":59,"minecraft:shield":21,"minecraft:iron_sword":27,"minecraft:dirt":16,"minecraft:crafting_table":11,"minecraft:white_bed":2,"minecraft:dripstone_block":1,"minecraft:tuff":4,"minecraft:apple":6,"minecraft:iron_pickaxe":260,"minecraft:stone_axe":15,"minecraft:bow":2,"minecraft:cobblestone":75,"minecraft:furnace":8,"minecraft:cooked_porkchop":2,"minecraft:bucket":2,"minecraft:cooked_beef":19,"minecraft:cobbled_deepslate":8}},"DataVersion":4082}