{"stats":{"minecraft:picked_up":{"minecraft:dirt":4},"minecraft:used":{"minecraft:dirt":4},"minecraft:custom":{"minecraft:jump":33,"minecraft:time_since_rest":1507,"minecraft:leave_game":1,"minecraft:damage_dealt":10,"minecraft:crouch_one_cm":121,"minecraft:sprint_one_cm":8140,"minecraft:play_time":1507,"minecraft:damage_taken":250,"minecraft:time_since_death":1507,"minecraft:walk_one_cm":3900,"minecraft:sneak_time":14,"minecraft:total_world_time":1507,"minecraft:fall_one_cm":5225,"minecraft:fly_one_cm":5246},"minecraft:mined":{"minecraft:short_grass":2,"minecraft:grass_block":2,"minecraft:dirt":2}},"DataVersion":4082}